,block_size,transactions,hashrate,mining_profitability,median_transaction_size,send_usd,confirmation_time,av_transaction_value,median_transaction_value,active_addresses,fee_reward,top_100_percent,date,market_cap,av_transaction_size,sent_addresses,difficulty,tweets,google_trends,full_name,coin
0,,,,,,,,,,,,,2014/04/19,152015,,,,1,,execoin,execoin
1,,,,,,,,,,,,,2014/04/20,124413,,,,2,,execoin,execoin
2,,,,,,,,,,,,,2014/04/21,111695,,,,5,,execoin,execoin
3,,,,,,,,,,,,,2014/04/22,118084,,,,1,,execoin,execoin
4,,,,,,,,,,,,,2014/04/23,110051,,,,null,,execoin,execoin
5,,,,,,,,,,,,,2014/04/24,107048,,,,null,,execoin,execoin
6,,,,,,,,,,,,,2014/04/25,71859,,,,1,,execoin,execoin
7,,,,,,,,,,,,,2014/04/26,73802,,,,null,,execoin,execoin
8,,,,,,,,,,,,,2014/04/27,69580,,,,null,,execoin,execoin
9,,,,,,,,,,,,,2014/04/28,64258,,,,1,,execoin,execoin
10,,,,,,,,,,,,,2014/04/29,66503,,,,null,,execoin,execoin
11,,,,,,,,,,,,,2014/04/30,67747,,,,3,,execoin,execoin
12,,,,,,,,,,,,,2014/05/01,71130,,,,5,,execoin,execoin
13,,,,,,,,,,,,,2014/05/02,68570,,,,2,,execoin,execoin
14,,,,,,,,,,,,,2014/05/03,57598,,,,1,,execoin,execoin
15,,,,,,,,,,,,,2014/05/04,59807,,,,7,,execoin,execoin
16,,,,,,,,,,,,,2014/05/05,55256,,,,2,,execoin,execoin
17,,,,,,,,,,,,,2014/05/06,54973,,,,7,,execoin,execoin
18,,,,,,,,,,,,,2014/05/07,61026,,,,11,,execoin,execoin
19,,,,,,,,,,,,,2014/05/08,61221,,,,null,,execoin,execoin
20,,,,,,,,,,,,,2014/05/09,64871,,,,3,,execoin,execoin
21,,,,,,,,,,,,,2014/05/10,88159,,,,4,,execoin,execoin
22,,,,,,,,,,,,,2014/05/11,69084,,,,4,,execoin,execoin
23,,,,,,,,,,,,,2014/05/12,59755,,,,2,,execoin,execoin
24,,,,,,,,,,,,,2014/05/13,63481,,,,null,,execoin,execoin
25,,,,,,,,,,,,,2014/05/14,68911,,,,1,,execoin,execoin
26,,,,,,,,,,,,,2014/05/15,111471,,,,14,,execoin,execoin
27,,,,,,,,,,,,,2014/05/16,201774,,,,6,,execoin,execoin
28,,,,,,,,,,,,,2014/05/17,253394,,,,7,,execoin,execoin
29,,,,,,,,,,,,,2014/05/18,356500,,,,11,,execoin,execoin
30,,,,,,,,,,,,,2014/05/19,280769,,,,2,,execoin,execoin
31,,,,,,,,,,,,,2014/05/20,232531,,,,8,,execoin,execoin
32,,,,,,,,,,,,,2014/05/21,173644,,,,null,,execoin,execoin
33,,,,,,,,,,,,,2014/05/22,180675,,,,1,,execoin,execoin
34,,,,,,,,,,,,,2014/05/23,167899,,,,4,,execoin,execoin
35,,,,,,,,,,,,,2014/05/24,157291,,,,1,,execoin,execoin
36,,,,,,,,,,,,,2014/05/25,205366,,,,1,,execoin,execoin
37,,,,,,,,,,,,,2014/05/26,205278,,,,3,,execoin,execoin
38,,,,,,,,,,,,,2014/05/27,193454,,,,1,,execoin,execoin
39,,,,,,,,,,,,,2014/05/28,177845,,,,null,,execoin,execoin
40,,,,,,,,,,,,,2014/05/29,135120,,,,null,,execoin,execoin
41,,,,,,,,,,,,,2014/05/30,144202,,,,null,,execoin,execoin
42,,,,,,,,,,,,,2014/05/31,175746,,,,null,,execoin,execoin
43,,,,,,,,,,,,,2014/06/01,163653,,,,null,,execoin,execoin
44,,,,,,,,,,,,,2014/06/02,149889,,,,null,,execoin,execoin
45,,,,,,,,,,,,,2014/06/03,143727,,,,1,,execoin,execoin
46,,,,,,,,,,,,,2014/06/04,130760,,,,null,,execoin,execoin
47,,,,,,,,,,,,,2014/06/05,130159,,,,2,,execoin,execoin
48,,,,,,,,,,,,,2014/06/06,123816,,,,4,,execoin,execoin
49,,,,,,,,,,,,,2014/06/07,117646,,,,null,,execoin,execoin
50,,,,,,,,,,,,,2014/06/08,118415,,,,null,,execoin,execoin
51,,,,,,,,,,,,,2014/06/09,117544,,,,1,,execoin,execoin
52,,,,,,,,,,,,,2014/06/10,123129,,,,2,,execoin,execoin
53,,,,,,,,,,,,,2014/06/11,130327,,,,3,,execoin,execoin
54,,,,,,,,,,,,,2014/06/12,123395,,,,1,,execoin,execoin
55,,,,,,,,,,,,,2014/06/13,117488,,,,3,,execoin,execoin
56,,,,,,,,,,,,,2014/06/14,127681,,,,10,,execoin,execoin
57,,,,,,,,,,,,,2014/06/15,135356,,,,4,,execoin,execoin
58,,,,,,,,,,,,,2014/06/16,127551,,,,2,,execoin,execoin
59,,,,,,,,,,,,,2014/06/17,118607,,,,2,,execoin,execoin
60,,,,,,,,,,,,,2014/06/18,125913,,,,4,,execoin,execoin
61,,,,,,,,,,,,,2014/06/19,115701,,,,null,,execoin,execoin
62,,,,,,,,,,,,,2014/06/20,101367,,,,null,,execoin,execoin
63,,,,,,,,,,,,,2014/06/21,90501,,,,13,,execoin,execoin
64,,,,,,,,,,,,,2014/06/22,87086,,,,4,,execoin,execoin
65,,,,,,,,,,,,,2014/06/23,79319,,,,2,,execoin,execoin
66,,,,,,,,,,,,,2014/06/24,80119,,,,22,,execoin,execoin
67,,,,,,,,,,,,,2014/06/25,76429,,,,1,,execoin,execoin
68,,,,,,,,,,,,,2014/06/26,73974,,,,null,,execoin,execoin
69,,,,,,,,,,,,,2014/06/27,72170,,,,4,,execoin,execoin
70,,,,,,,,,,,,,2014/06/28,73630,,,,3,,execoin,execoin
71,,,,,,,,,,,,,2014/06/29,87260,,,,8,,execoin,execoin
72,,,,,,,,,,,,,2014/06/30,109640,,,,12,,execoin,execoin
73,,,,,,,,,,,,,2014/07/01,114753,,,,2,,execoin,execoin
74,,,,,,,,,,,,,2014/07/02,109503,,,,6,,execoin,execoin
75,,,,,,,,,,,,,2014/07/03,98971,,,,null,,execoin,execoin
76,,,,,,,,,,,,,2014/07/04,85365,,,,1,,execoin,execoin
77,,,,,,,,,,,,,2014/07/05,85185,,,,2,,execoin,execoin
78,,,,,,,,,,,,,2014/07/06,83332,,,,3,,execoin,execoin
79,,,,,,,,,,,,,2014/07/07,78689,,,,1,,execoin,execoin
80,,,,,,,,,,,,,2014/07/08,74679,,,,null,,execoin,execoin
81,,,,,,,,,,,,,2014/07/09,81202,,,,null,,execoin,execoin
82,,,,,,,,,,,,,2014/07/10,78075,,,,null,,execoin,execoin
83,,,,,,,,,,,,,2014/07/11,78983,,,,32,,execoin,execoin
84,,,,,,,,,,,,,2014/07/12,82831,,,,1,,execoin,execoin
85,,,,,,,,,,,,,2014/07/13,80761,,,,2,,execoin,execoin
86,,,,,,,,,,,,,2014/07/14,77388,,,,13,,execoin,execoin
87,,,,,,,,,,,,,2014/07/15,75997,,,,9,,execoin,execoin
88,,,,,,,,,,,,,2014/07/16,71617,,,,5,,execoin,execoin
89,,,,,,,,,,,,,2014/07/17,73217,,,,null,,execoin,execoin
90,,,,,,,,,,,,,2014/07/18,64860,,,,null,,execoin,execoin
91,,,,,,,,,,,,,2014/07/19,63554,,,,null,,execoin,execoin
92,,,,,,,,,,,,,2014/07/20,64037,,,,null,,execoin,execoin
93,,,,,,,,,,,,,2014/07/21,64684,,,,null,,execoin,execoin
94,,,,,,,,,,,,,2014/07/22,61593,,,,1,,execoin,execoin
95,,,,,,,,,,,,,2014/07/23,54421,,,,1,,execoin,execoin
96,,,,,,,,,,,,,2014/07/24,51933,,,,6,,execoin,execoin
97,,,,,,,,,,,,,2014/07/25,51802,,,,null,,execoin,execoin
98,,,,,,,,,,,,,2014/07/26,47460,,,,null,,execoin,execoin
99,,,,,,,,,,,,,2014/07/27,44503,,,,null,,execoin,execoin
100,,,,,,,,,,,,,2014/07/28,40435,,,,1,,execoin,execoin
101,,,,,,,,,,,,,2014/07/29,39280,,,,null,,execoin,execoin
102,,,,,,,,,,,,,2014/07/30,42387,,,,null,,execoin,execoin
103,,,,,,,,,,,,,2014/07/31,43580,,,,null,,execoin,execoin
104,,,,,,,,,,,,,2014/08/01,34115,,,,7,,execoin,execoin
105,,,,,,,,,,,,,2014/08/02,29098,,,,null,,execoin,execoin
106,,,,,,,,,,,,,2014/08/03,28902,,,,null,,execoin,execoin
107,,,,,,,,,,,,,2014/08/04,39144,,,,null,,execoin,execoin
108,,,,,,,,,,,,,2014/08/05,33062,,,,null,,execoin,execoin
109,,,,,,,,,,,,,2014/08/06,25214,,,,2,,execoin,execoin
110,,,,,,,,,,,,,2014/08/07,null,,,,1,,execoin,execoin
111,,,,,,,,,,,,,2014/08/08,null,,,,7,,execoin,execoin
112,,,,,,,,,,,,,2014/08/09,35353,,,,null,,execoin,execoin
113,,,,,,,,,,,,,2014/08/10,32350,,,,null,,execoin,execoin
114,,,,,,,,,,,,,2014/08/11,null,,,,2,,execoin,execoin
115,,,,,,,,,,,,,2014/08/12,24606,,,,null,,execoin,execoin
116,,,,,,,,,,,,,2014/08/13,22292,,,,null,,execoin,execoin
117,,,,,,,,,,,,,2014/08/14,null,,,,null,,execoin,execoin
118,,,,,,,,,,,,,2014/08/15,null,,,,null,,execoin,execoin
119,,,,,,,,,,,,,2014/08/16,null,,,,null,,execoin,execoin
120,,,,,,,,,,,,,2014/08/17,null,,,,null,,execoin,execoin
121,,,,,,,,,,,,,2014/08/18,null,,,,null,,execoin,execoin
122,,,,,,,,,,,,,2014/08/19,null,,,,1,,execoin,execoin
123,,,,,,,,,,,,,2014/08/20,null,,,,null,,execoin,execoin
124,,,,,,,,,,,,,2014/08/21,null,,,,null,,execoin,execoin
125,,,,,,,,,,,,,2014/08/22,null,,,,null,,execoin,execoin
126,,,,,,,,,,,,,2014/08/23,null,,,,null,,execoin,execoin
127,,,,,,,,,,,,,2014/08/24,null,,,,1,,execoin,execoin
128,,,,,,,,,,,,,2014/08/25,null,,,,null,,execoin,execoin
129,,,,,,,,,,,,,2014/08/26,null,,,,null,,execoin,execoin
130,,,,,,,,,,,,,2014/08/27,null,,,,null,,execoin,execoin
131,,,,,,,,,,,,,2014/08/28,null,,,,1,,execoin,execoin
132,,,,,,,,,,,,,2014/08/29,23339,,,,1,,execoin,execoin
133,,,,,,,,,,,,,2014/08/30,null,,,,null,,execoin,execoin
134,,,,,,,,,,,,,2014/08/31,null,,,,null,,execoin,execoin
135,,,,,,,,,,,,,2014/09/01,null,,,,null,,execoin,execoin
136,,,,,,,,,,,,,2014/09/02,null,,,,null,,execoin,execoin
137,,,,,,,,,,,,,2014/09/03,null,,,,null,,execoin,execoin
138,,,,,,,,,,,,,2014/09/04,null,,,,null,,execoin,execoin
139,,,,,,,,,,,,,2014/09/05,null,,,,null,,execoin,execoin
140,,,,,,,,,,,,,2014/09/06,null,,,,null,,execoin,execoin
141,,,,,,,,,,,,,2014/09/07,null,,,,null,,execoin,execoin
142,,,,,,,,,,,,,2014/09/08,null,,,,null,,execoin,execoin
143,,,,,,,,,,,,,2014/09/09,null,,,,null,,execoin,execoin
144,,,,,,,,,,,,,2014/09/10,null,,,,null,,execoin,execoin
145,,,,,,,,,,,,,2014/09/11,null,,,,null,,execoin,execoin
146,,,,,,,,,,,,,2014/09/12,null,,,,null,,execoin,execoin
147,,,,,,,,,,,,,2014/09/13,null,,,,null,,execoin,execoin
148,,,,,,,,,,,,,2014/09/14,null,,,,null,,execoin,execoin
149,,,,,,,,,,,,,2014/09/15,null,,,,null,,execoin,execoin
150,,,,,,,,,,,,,2014/09/16,null,,,,null,,execoin,execoin
151,,,,,,,,,,,,,2014/09/17,null,,,,null,,execoin,execoin
152,,,,,,,,,,,,,2014/09/18,null,,,,null,,execoin,execoin
153,,,,,,,,,,,,,2014/09/19,null,,,,null,,execoin,execoin
154,,,,,,,,,,,,,2014/09/20,21091,,,,null,,execoin,execoin
155,,,,,,,,,,,,,2014/09/21,20096,,,,null,,execoin,execoin
156,,,,,,,,,,,,,2014/09/22,null,,,,null,,execoin,execoin
157,,,,,,,,,,,,,2014/09/23,null,,,,null,,execoin,execoin
158,,,,,,,,,,,,,2014/09/24,null,,,,null,,execoin,execoin
159,,,,,,,,,,,,,2014/09/25,null,,,,null,,execoin,execoin
160,,,,,,,,,,,,,2014/09/26,null,,,,null,,execoin,execoin
161,,,,,,,,,,,,,2014/09/27,19745,,,,null,,execoin,execoin
162,,,,,,,,,,,,,2014/09/28,null,,,,null,,execoin,execoin
163,,,,,,,,,,,,,2014/09/29,null,,,,null,,execoin,execoin
164,,,,,,,,,,,,,2014/09/30,18293,,,,null,,execoin,execoin
165,,,,,,,,,,,,,2014/10/01,18522,,,,null,,execoin,execoin
166,,,,,,,,,,,,,2014/10/02,17465,,,,null,,execoin,execoin
167,,,,,,,,,,,,,2014/10/03,17222,,,,null,,execoin,execoin
168,,,,,,,,,,,,,2014/10/04,14796,,,,null,,execoin,execoin
169,,,,,,,,,,,,,2014/10/05,14572,,,,null,,execoin,execoin
170,,,,,,,,,,,,,2014/10/06,null,,,,null,,execoin,execoin
171,,,,,,,,,,,,,2014/10/07,13781,,,,null,,execoin,execoin
172,,,,,,,,,,,,,2014/10/08,17353,,,,null,,execoin,execoin
173,,,,,,,,,,,,,2014/10/09,18639,,,,null,,execoin,execoin
174,,,,,,,,,,,,,2014/10/10,18011,,,,null,,execoin,execoin
175,,,,,,,,,,,,,2014/04/10,,,,,3,,execoin,execoin
176,,,,,,,,,,,,,2014/04/11,,,,,1,,execoin,execoin
177,,,,,,,,,,,,,2014/04/12,,,,,3,,execoin,execoin
178,,,,,,,,,,,,,2014/04/13,,,,,1,,execoin,execoin
179,,,,,,,,,,,,,2014/04/14,,,,,5,,execoin,execoin
180,,,,,,,,,,,,,2014/04/15,,,,,7,,execoin,execoin
181,,,,,,,,,,,,,2014/04/16,,,,,null,,execoin,execoin
182,,,,,,,,,,,,,2014/04/17,,,,,2,,execoin,execoin
183,,,,,,,,,,,,,2014/04/18,,,,,1,,execoin,execoin
184,,,,,,,,,,,,,2014/10/11,,,,,null,,execoin,execoin
185,,,,,,,,,,,,,2014/10/12,,,,,null,,execoin,execoin
186,,,,,,,,,,,,,2014/10/13,,,,,null,,execoin,execoin
187,,,,,,,,,,,,,2014/10/14,,,,,null,,execoin,execoin
188,,,,,,,,,,,,,2014/10/15,,,,,null,,execoin,execoin
189,,,,,,,,,,,,,2014/10/16,,,,,null,,execoin,execoin
190,,,,,,,,,,,,,2014/10/17,,,,,null,,execoin,execoin
191,,,,,,,,,,,,,2014/10/18,,,,,null,,execoin,execoin
192,,,,,,,,,,,,,2014/10/19,,,,,null,,execoin,execoin
193,,,,,,,,,,,,,2014/10/20,,,,,null,,execoin,execoin
194,,,,,,,,,,,,,2014/10/21,,,,,null,,execoin,execoin
195,,,,,,,,,,,,,2014/10/22,,,,,null,,execoin,execoin
196,,,,,,,,,,,,,2014/10/23,,,,,null,,execoin,execoin
197,,,,,,,,,,,,,2014/10/24,,,,,null,,execoin,execoin
198,,,,,,,,,,,,,2014/10/25,,,,,null,,execoin,execoin
199,,,,,,,,,,,,,2014/10/26,,,,,null,,execoin,execoin
200,,,,,,,,,,,,,2014/10/27,,,,,2,,execoin,execoin
201,,,,,,,,,,,,,2014/10/28,,,,,null,,execoin,execoin
202,,,,,,,,,,,,,2014/10/29,,,,,null,,execoin,execoin
203,,,,,,,,,,,,,2014/10/30,,,,,null,,execoin,execoin
204,,,,,,,,,,,,,2014/10/31,,,,,null,,execoin,execoin
205,,,,,,,,,,,,,2014/11/01,,,,,null,,execoin,execoin
206,,,,,,,,,,,,,2014/11/02,,,,,null,,execoin,execoin
207,,,,,,,,,,,,,2014/11/03,,,,,null,,execoin,execoin
208,,,,,,,,,,,,,2014/11/04,,,,,null,,execoin,execoin
209,,,,,,,,,,,,,2014/11/05,,,,,null,,execoin,execoin
210,,,,,,,,,,,,,2014/11/06,,,,,null,,execoin,execoin
211,,,,,,,,,,,,,2014/11/07,,,,,null,,execoin,execoin
212,,,,,,,,,,,,,2014/11/08,,,,,null,,execoin,execoin
213,,,,,,,,,,,,,2014/11/09,,,,,null,,execoin,execoin
214,,,,,,,,,,,,,2014/11/10,,,,,null,,execoin,execoin
215,,,,,,,,,,,,,2014/11/11,,,,,null,,execoin,execoin
216,,,,,,,,,,,,,2014/11/12,,,,,null,,execoin,execoin
217,,,,,,,,,,,,,2014/11/13,,,,,null,,execoin,execoin
218,,,,,,,,,,,,,2014/11/14,,,,,null,,execoin,execoin
219,,,,,,,,,,,,,2014/11/15,,,,,null,,execoin,execoin
220,,,,,,,,,,,,,2014/11/16,,,,,null,,execoin,execoin
221,,,,,,,,,,,,,2014/11/17,,,,,null,,execoin,execoin
222,,,,,,,,,,,,,2014/11/18,,,,,1,,execoin,execoin
223,,,,,,,,,,,,,2014/11/19,,,,,null,,execoin,execoin
224,,,,,,,,,,,,,2014/11/20,,,,,null,,execoin,execoin
225,,,,,,,,,,,,,2014/11/21,,,,,null,,execoin,execoin
226,,,,,,,,,,,,,2014/11/22,,,,,null,,execoin,execoin
227,,,,,,,,,,,,,2014/11/23,,,,,null,,execoin,execoin
228,,,,,,,,,,,,,2014/11/24,,,,,null,,execoin,execoin
229,,,,,,,,,,,,,2014/11/25,,,,,null,,execoin,execoin
230,,,,,,,,,,,,,2014/11/26,,,,,null,,execoin,execoin
231,,,,,,,,,,,,,2014/11/27,,,,,null,,execoin,execoin
232,,,,,,,,,,,,,2014/11/28,,,,,null,,execoin,execoin
233,,,,,,,,,,,,,2014/11/29,,,,,null,,execoin,execoin
234,,,,,,,,,,,,,2014/11/30,,,,,null,,execoin,execoin
235,,,,,,,,,,,,,2014/12/01,,,,,null,,execoin,execoin
236,,,,,,,,,,,,,2014/12/02,,,,,null,,execoin,execoin
237,,,,,,,,,,,,,2014/12/03,,,,,null,,execoin,execoin
238,,,,,,,,,,,,,2014/12/04,,,,,null,,execoin,execoin
239,,,,,,,,,,,,,2014/12/05,,,,,1,,execoin,execoin
240,,,,,,,,,,,,,2014/12/06,,,,,null,,execoin,execoin
241,,,,,,,,,,,,,2014/12/07,,,,,null,,execoin,execoin
242,,,,,,,,,,,,,2014/12/08,,,,,null,,execoin,execoin
243,,,,,,,,,,,,,2014/12/09,,,,,1,,execoin,execoin
244,,,,,,,,,,,,,2014/12/10,,,,,2,,execoin,execoin
245,,,,,,,,,,,,,2014/12/11,,,,,2,,execoin,execoin
246,,,,,,,,,,,,,2014/12/12,,,,,1,,execoin,execoin
247,,,,,,,,,,,,,2014/12/13,,,,,null,,execoin,execoin
248,,,,,,,,,,,,,2014/12/14,,,,,null,,execoin,execoin
249,,,,,,,,,,,,,2014/12/15,,,,,null,,execoin,execoin
250,,,,,,,,,,,,,2014/12/16,,,,,1,,execoin,execoin
251,,,,,,,,,,,,,2014/12/17,,,,,1,,execoin,execoin
252,,,,,,,,,,,,,2014/12/18,,,,,null,,execoin,execoin
253,,,,,,,,,,,,,2014/12/19,,,,,null,,execoin,execoin
254,,,,,,,,,,,,,2014/12/20,,,,,1,,execoin,execoin
255,,,,,,,,,,,,,2014/12/21,,,,,null,,execoin,execoin
256,,,,,,,,,,,,,2014/12/22,,,,,null,,execoin,execoin
257,,,,,,,,,,,,,2014/12/23,,,,,1,,execoin,execoin
258,,,,,,,,,,,,,2014/12/24,,,,,null,,execoin,execoin
259,,,,,,,,,,,,,2014/12/25,,,,,2,,execoin,execoin
260,,,,,,,,,,,,,2014/12/26,,,,,1,,execoin,execoin
261,,,,,,,,,,,,,2014/12/27,,,,,2,,execoin,execoin
262,,,,,,,,,,,,,2014/12/28,,,,,null,,execoin,execoin
263,,,,,,,,,,,,,2014/12/29,,,,,null,,execoin,execoin
264,,,,,,,,,,,,,2014/12/30,,,,,2,,execoin,execoin
265,,,,,,,,,,,,,2014/12/31,,,,,1,,execoin,execoin
266,,,,,,,,,,,,,2015/01/01,,,,,1,,execoin,execoin
267,,,,,,,,,,,,,2015/01/02,,,,,null,,execoin,execoin
268,,,,,,,,,,,,,2015/01/03,,,,,null,,execoin,execoin
269,,,,,,,,,,,,,2015/01/04,,,,,null,,execoin,execoin
270,,,,,,,,,,,,,2015/01/05,,,,,null,,execoin,execoin
271,,,,,,,,,,,,,2015/01/06,,,,,2,,execoin,execoin
272,,,,,,,,,,,,,2015/01/07,,,,,1,,execoin,execoin
273,,,,,,,,,,,,,2015/01/08,,,,,null,,execoin,execoin
274,,,,,,,,,,,,,2015/01/09,,,,,null,,execoin,execoin
275,,,,,,,,,,,,,2015/01/10,,,,,null,,execoin,execoin
276,,,,,,,,,,,,,2015/01/11,,,,,null,,execoin,execoin
277,,,,,,,,,,,,,2015/01/12,,,,,null,,execoin,execoin
278,,,,,,,,,,,,,2015/01/13,,,,,null,,execoin,execoin
279,,,,,,,,,,,,,2015/01/14,,,,,null,,execoin,execoin
280,,,,,,,,,,,,,2015/01/15,,,,,null,,execoin,execoin
281,,,,,,,,,,,,,2015/01/16,,,,,null,,execoin,execoin
282,,,,,,,,,,,,,2015/01/17,,,,,null,,execoin,execoin
283,,,,,,,,,,,,,2015/01/18,,,,,null,,execoin,execoin
284,,,,,,,,,,,,,2015/01/19,,,,,null,,execoin,execoin
285,,,,,,,,,,,,,2015/01/20,,,,,null,,execoin,execoin
286,,,,,,,,,,,,,2015/01/21,,,,,null,,execoin,execoin
287,,,,,,,,,,,,,2015/01/22,,,,,null,,execoin,execoin
288,,,,,,,,,,,,,2015/01/23,,,,,null,,execoin,execoin
289,,,,,,,,,,,,,2015/01/24,,,,,null,,execoin,execoin
290,,,,,,,,,,,,,2015/01/25,,,,,null,,execoin,execoin
291,,,,,,,,,,,,,2015/01/26,,,,,null,,execoin,execoin
292,,,,,,,,,,,,,2015/01/27,,,,,null,,execoin,execoin
293,,,,,,,,,,,,,2015/01/28,,,,,null,,execoin,execoin
294,,,,,,,,,,,,,2015/01/29,,,,,null,,execoin,execoin
295,,,,,,,,,,,,,2015/01/30,,,,,null,,execoin,execoin
296,,,,,,,,,,,,,2015/01/31,,,,,1,,execoin,execoin
297,,,,,,,,,,,,,2015/02/01,,,,,null,,execoin,execoin
298,,,,,,,,,,,,,2015/02/02,,,,,null,,execoin,execoin
299,,,,,,,,,,,,,2015/02/03,,,,,null,,execoin,execoin
300,,,,,,,,,,,,,2015/02/04,,,,,null,,execoin,execoin
301,,,,,,,,,,,,,2015/02/05,,,,,null,,execoin,execoin
302,,,,,,,,,,,,,2015/02/06,,,,,null,,execoin,execoin
303,,,,,,,,,,,,,2015/02/07,,,,,null,,execoin,execoin
304,,,,,,,,,,,,,2015/02/08,,,,,null,,execoin,execoin
305,,,,,,,,,,,,,2015/02/09,,,,,null,,execoin,execoin
306,,,,,,,,,,,,,2015/02/10,,,,,null,,execoin,execoin
307,,,,,,,,,,,,,2015/02/11,,,,,null,,execoin,execoin
308,,,,,,,,,,,,,2015/02/12,,,,,null,,execoin,execoin
309,,,,,,,,,,,,,2015/02/13,,,,,null,,execoin,execoin
310,,,,,,,,,,,,,2015/02/14,,,,,null,,execoin,execoin
311,,,,,,,,,,,,,2015/02/15,,,,,null,,execoin,execoin
312,,,,,,,,,,,,,2015/02/16,,,,,null,,execoin,execoin
313,,,,,,,,,,,,,2015/02/17,,,,,null,,execoin,execoin
314,,,,,,,,,,,,,2015/02/18,,,,,null,,execoin,execoin
315,,,,,,,,,,,,,2015/02/19,,,,,null,,execoin,execoin
316,,,,,,,,,,,,,2015/02/20,,,,,null,,execoin,execoin
317,,,,,,,,,,,,,2015/02/21,,,,,null,,execoin,execoin
318,,,,,,,,,,,,,2015/02/22,,,,,null,,execoin,execoin
319,,,,,,,,,,,,,2015/02/23,,,,,null,,execoin,execoin
320,,,,,,,,,,,,,2015/02/24,,,,,null,,execoin,execoin
321,,,,,,,,,,,,,2015/02/25,,,,,null,,execoin,execoin
322,,,,,,,,,,,,,2015/02/26,,,,,null,,execoin,execoin
323,,,,,,,,,,,,,2015/02/27,,,,,null,,execoin,execoin
324,,,,,,,,,,,,,2015/02/28,,,,,null,,execoin,execoin
325,,,,,,,,,,,,,2015/03/01,,,,,null,,execoin,execoin
326,,,,,,,,,,,,,2015/03/02,,,,,null,,execoin,execoin
327,,,,,,,,,,,,,2015/03/03,,,,,null,,execoin,execoin
328,,,,,,,,,,,,,2015/03/04,,,,,null,,execoin,execoin
329,,,,,,,,,,,,,2015/03/05,,,,,null,,execoin,execoin
330,,,,,,,,,,,,,2015/03/06,,,,,null,,execoin,execoin
331,,,,,,,,,,,,,2015/03/07,,,,,null,,execoin,execoin
332,,,,,,,,,,,,,2015/03/08,,,,,null,,execoin,execoin
333,,,,,,,,,,,,,2015/03/09,,,,,null,,execoin,execoin
334,,,,,,,,,,,,,2015/03/10,,,,,null,,execoin,execoin
335,,,,,,,,,,,,,2015/03/11,,,,,null,,execoin,execoin
336,,,,,,,,,,,,,2015/03/12,,,,,null,,execoin,execoin
337,,,,,,,,,,,,,2015/03/13,,,,,null,,execoin,execoin
338,,,,,,,,,,,,,2015/03/14,,,,,null,,execoin,execoin
339,,,,,,,,,,,,,2015/03/15,,,,,null,,execoin,execoin
340,,,,,,,,,,,,,2015/03/16,,,,,null,,execoin,execoin
341,,,,,,,,,,,,,2015/03/17,,,,,null,,execoin,execoin
342,,,,,,,,,,,,,2015/03/18,,,,,null,,execoin,execoin
343,,,,,,,,,,,,,2015/03/19,,,,,null,,execoin,execoin
344,,,,,,,,,,,,,2015/03/20,,,,,2,,execoin,execoin
345,,,,,,,,,,,,,2015/03/21,,,,,null,,execoin,execoin
346,,,,,,,,,,,,,2015/03/22,,,,,null,,execoin,execoin
347,,,,,,,,,,,,,2015/03/23,,,,,1,,execoin,execoin
348,,,,,,,,,,,,,2015/03/24,,,,,null,,execoin,execoin
349,,,,,,,,,,,,,2015/03/25,,,,,null,,execoin,execoin
350,,,,,,,,,,,,,2015/03/26,,,,,null,,execoin,execoin
351,,,,,,,,,,,,,2015/03/27,,,,,null,,execoin,execoin
352,,,,,,,,,,,,,2015/03/28,,,,,null,,execoin,execoin
353,,,,,,,,,,,,,2015/03/29,,,,,null,,execoin,execoin
354,,,,,,,,,,,,,2015/03/30,,,,,null,,execoin,execoin
355,,,,,,,,,,,,,2015/03/31,,,,,null,,execoin,execoin
356,,,,,,,,,,,,,2015/04/01,,,,,1,,execoin,execoin
357,,,,,,,,,,,,,2015/04/02,,,,,null,,execoin,execoin
358,,,,,,,,,,,,,2015/04/03,,,,,null,,execoin,execoin
359,,,,,,,,,,,,,2015/04/04,,,,,null,,execoin,execoin
360,,,,,,,,,,,,,2015/04/05,,,,,1,,execoin,execoin
361,,,,,,,,,,,,,2015/04/06,,,,,null,,execoin,execoin
362,,,,,,,,,,,,,2015/04/07,,,,,null,,execoin,execoin
363,,,,,,,,,,,,,2015/04/08,,,,,null,,execoin,execoin
364,,,,,,,,,,,,,2015/04/09,,,,,1,,execoin,execoin
365,,,,,,,,,,,,,2015/04/10,,,,,null,,execoin,execoin
366,,,,,,,,,,,,,2015/04/11,,,,,null,,execoin,execoin
367,,,,,,,,,,,,,2015/04/12,,,,,null,,execoin,execoin
368,,,,,,,,,,,,,2015/04/13,,,,,5,,execoin,execoin
369,,,,,,,,,,,,,2015/04/14,,,,,null,,execoin,execoin
370,,,,,,,,,,,,,2015/04/15,,,,,null,,execoin,execoin
371,,,,,,,,,,,,,2015/04/16,,,,,null,,execoin,execoin
372,,,,,,,,,,,,,2015/04/17,,,,,null,,execoin,execoin
373,,,,,,,,,,,,,2015/04/18,,,,,null,,execoin,execoin
374,,,,,,,,,,,,,2015/04/19,,,,,null,,execoin,execoin
375,,,,,,,,,,,,,2015/04/20,,,,,null,,execoin,execoin
376,,,,,,,,,,,,,2015/04/21,,,,,null,,execoin,execoin
377,,,,,,,,,,,,,2015/04/22,,,,,null,,execoin,execoin
378,,,,,,,,,,,,,2015/04/23,,,,,null,,execoin,execoin
379,,,,,,,,,,,,,2015/04/24,,,,,null,,execoin,execoin
380,,,,,,,,,,,,,2015/04/25,,,,,null,,execoin,execoin
381,,,,,,,,,,,,,2015/04/26,,,,,null,,execoin,execoin
382,,,,,,,,,,,,,2015/04/27,,,,,2,,execoin,execoin
383,,,,,,,,,,,,,2015/04/28,,,,,null,,execoin,execoin
384,,,,,,,,,,,,,2015/04/29,,,,,null,,execoin,execoin
385,,,,,,,,,,,,,2015/04/30,,,,,null,,execoin,execoin
386,,,,,,,,,,,,,2015/05/01,,,,,null,,execoin,execoin
387,,,,,,,,,,,,,2015/05/02,,,,,null,,execoin,execoin
388,,,,,,,,,,,,,2015/05/03,,,,,null,,execoin,execoin
389,,,,,,,,,,,,,2015/05/04,,,,,null,,execoin,execoin
390,,,,,,,,,,,,,2015/05/05,,,,,null,,execoin,execoin
391,,,,,,,,,,,,,2015/05/06,,,,,null,,execoin,execoin
392,,,,,,,,,,,,,2015/05/07,,,,,2,,execoin,execoin
393,,,,,,,,,,,,,2015/05/08,,,,,null,,execoin,execoin
394,,,,,,,,,,,,,2015/05/09,,,,,null,,execoin,execoin
395,,,,,,,,,,,,,2015/05/10,,,,,1,,execoin,execoin
396,,,,,,,,,,,,,2015/05/11,,,,,2,,execoin,execoin
397,,,,,,,,,,,,,2015/05/12,,,,,2,,execoin,execoin
398,,,,,,,,,,,,,2015/05/13,,,,,1,,execoin,execoin
399,,,,,,,,,,,,,2015/05/14,,,,,null,,execoin,execoin
400,,,,,,,,,,,,,2015/05/15,,,,,null,,execoin,execoin
401,,,,,,,,,,,,,2015/05/16,,,,,1,,execoin,execoin
402,,,,,,,,,,,,,2015/05/17,,,,,1,,execoin,execoin
403,,,,,,,,,,,,,2015/05/18,,,,,1,,execoin,execoin
404,,,,,,,,,,,,,2015/05/19,,,,,1,,execoin,execoin
405,,,,,,,,,,,,,2015/05/20,,,,,null,,execoin,execoin
406,,,,,,,,,,,,,2015/05/21,,,,,null,,execoin,execoin
407,,,,,,,,,,,,,2015/05/22,,,,,null,,execoin,execoin
408,,,,,,,,,,,,,2015/05/23,,,,,null,,execoin,execoin
409,,,,,,,,,,,,,2015/05/24,,,,,1,,execoin,execoin
410,,,,,,,,,,,,,2015/05/25,,,,,1,,execoin,execoin
411,,,,,,,,,,,,,2015/05/26,,,,,null,,execoin,execoin
412,,,,,,,,,,,,,2015/05/27,,,,,null,,execoin,execoin
413,,,,,,,,,,,,,2015/05/28,,,,,2,,execoin,execoin
414,,,,,,,,,,,,,2015/05/29,,,,,1,,execoin,execoin
415,,,,,,,,,,,,,2015/05/30,,,,,null,,execoin,execoin
416,,,,,,,,,,,,,2015/05/31,,,,,null,,execoin,execoin
417,,,,,,,,,,,,,2015/06/01,,,,,2,,execoin,execoin
418,,,,,,,,,,,,,2015/06/02,,,,,null,,execoin,execoin
419,,,,,,,,,,,,,2015/06/03,,,,,null,,execoin,execoin
420,,,,,,,,,,,,,2015/06/04,,,,,4,,execoin,execoin
421,,,,,,,,,,,,,2015/06/05,,,,,null,,execoin,execoin
422,,,,,,,,,,,,,2015/06/06,,,,,null,,execoin,execoin
423,,,,,,,,,,,,,2015/06/07,,,,,2,,execoin,execoin
424,,,,,,,,,,,,,2015/06/08,,,,,null,,execoin,execoin
425,,,,,,,,,,,,,2015/06/09,,,,,null,,execoin,execoin
426,,,,,,,,,,,,,2015/06/10,,,,,1,,execoin,execoin
427,,,,,,,,,,,,,2015/06/11,,,,,null,,execoin,execoin
428,,,,,,,,,,,,,2015/06/12,,,,,1,,execoin,execoin
429,,,,,,,,,,,,,2015/06/13,,,,,1,,execoin,execoin
430,,,,,,,,,,,,,2015/06/14,,,,,null,,execoin,execoin
431,,,,,,,,,,,,,2015/06/15,,,,,null,,execoin,execoin
432,,,,,,,,,,,,,2015/06/16,,,,,1,,execoin,execoin
433,,,,,,,,,,,,,2015/06/17,,,,,null,,execoin,execoin
434,,,,,,,,,,,,,2015/06/18,,,,,null,,execoin,execoin
435,,,,,,,,,,,,,2015/06/19,,,,,1,,execoin,execoin
436,,,,,,,,,,,,,2015/06/20,,,,,null,,execoin,execoin
437,,,,,,,,,,,,,2015/06/21,,,,,1,,execoin,execoin
438,,,,,,,,,,,,,2015/06/22,,,,,1,,execoin,execoin
439,,,,,,,,,,,,,2015/06/23,,,,,null,,execoin,execoin
440,,,,,,,,,,,,,2015/06/24,,,,,1,,execoin,execoin
441,,,,,,,,,,,,,2015/06/25,,,,,1,,execoin,execoin
442,,,,,,,,,,,,,2015/06/26,,,,,null,,execoin,execoin
443,,,,,,,,,,,,,2015/06/27,,,,,null,,execoin,execoin
444,,,,,,,,,,,,,2015/06/28,,,,,null,,execoin,execoin
445,,,,,,,,,,,,,2015/06/29,,,,,1,,execoin,execoin
446,,,,,,,,,,,,,2015/06/30,,,,,null,,execoin,execoin
447,,,,,,,,,,,,,2015/07/01,,,,,null,,execoin,execoin
448,,,,,,,,,,,,,2015/07/02,,,,,null,,execoin,execoin
449,,,,,,,,,,,,,2015/07/03,,,,,1,,execoin,execoin
450,,,,,,,,,,,,,2015/07/04,,,,,1,,execoin,execoin
451,,,,,,,,,,,,,2015/07/05,,,,,2,,execoin,execoin
452,,,,,,,,,,,,,2015/07/06,,,,,null,,execoin,execoin
453,,,,,,,,,,,,,2015/07/07,,,,,1,,execoin,execoin
454,,,,,,,,,,,,,2015/07/08,,,,,1,,execoin,execoin
455,,,,,,,,,,,,,2015/07/09,,,,,null,,execoin,execoin
456,,,,,,,,,,,,,2015/07/10,,,,,null,,execoin,execoin
457,,,,,,,,,,,,,2015/07/11,,,,,1,,execoin,execoin
458,,,,,,,,,,,,,2015/07/12,,,,,null,,execoin,execoin
459,,,,,,,,,,,,,2015/07/13,,,,,null,,execoin,execoin
460,,,,,,,,,,,,,2015/07/14,,,,,1,,execoin,execoin
461,,,,,,,,,,,,,2015/07/15,,,,,null,,execoin,execoin
462,,,,,,,,,,,,,2015/07/16,,,,,1,,execoin,execoin
463,,,,,,,,,,,,,2015/07/17,,,,,1,,execoin,execoin
464,,,,,,,,,,,,,2015/07/18,,,,,null,,execoin,execoin
465,,,,,,,,,,,,,2015/07/19,,,,,null,,execoin,execoin
466,,,,,,,,,,,,,2015/07/20,,,,,null,,execoin,execoin
467,,,,,,,,,,,,,2015/07/21,,,,,null,,execoin,execoin
468,,,,,,,,,,,,,2015/07/22,,,,,2,,execoin,execoin
469,,,,,,,,,,,,,2015/07/23,,,,,1,,execoin,execoin
470,,,,,,,,,,,,,2015/07/24,,,,,null,,execoin,execoin
471,,,,,,,,,,,,,2015/07/25,,,,,6,,execoin,execoin
472,,,,,,,,,,,,,2015/07/26,,,,,2,,execoin,execoin
473,,,,,,,,,,,,,2015/07/27,,,,,null,,execoin,execoin
474,,,,,,,,,,,,,2015/07/28,,,,,1,,execoin,execoin
475,,,,,,,,,,,,,2015/07/29,,,,,null,,execoin,execoin
476,,,,,,,,,,,,,2015/07/30,,,,,null,,execoin,execoin
477,,,,,,,,,,,,,2015/07/31,,,,,1,,execoin,execoin
478,,,,,,,,,,,,,2015/08/01,,,,,null,,execoin,execoin
479,,,,,,,,,,,,,2015/08/02,,,,,null,,execoin,execoin
480,,,,,,,,,,,,,2015/08/03,,,,,3,,execoin,execoin
481,,,,,,,,,,,,,2015/08/04,,,,,null,,execoin,execoin
482,,,,,,,,,,,,,2015/08/05,,,,,null,,execoin,execoin
483,,,,,,,,,,,,,2015/08/06,,,,,1,,execoin,execoin
484,,,,,,,,,,,,,2015/08/07,,,,,null,,execoin,execoin
485,,,,,,,,,,,,,2015/08/08,,,,,1,,execoin,execoin
486,,,,,,,,,,,,,2015/08/09,,,,,null,,execoin,execoin
487,,,,,,,,,,,,,2015/08/10,,,,,1,,execoin,execoin
488,,,,,,,,,,,,,2015/08/11,,,,,null,,execoin,execoin
489,,,,,,,,,,,,,2015/08/12,,,,,2,,execoin,execoin
490,,,,,,,,,,,,,2015/08/13,,,,,null,,execoin,execoin
491,,,,,,,,,,,,,2015/08/14,,,,,null,,execoin,execoin
492,,,,,,,,,,,,,2015/08/15,,,,,2,,execoin,execoin
493,,,,,,,,,,,,,2015/08/16,,,,,1,,execoin,execoin
494,,,,,,,,,,,,,2015/08/17,,,,,null,,execoin,execoin
495,,,,,,,,,,,,,2015/08/18,,,,,null,,execoin,execoin
496,,,,,,,,,,,,,2015/08/19,,,,,null,,execoin,execoin
497,,,,,,,,,,,,,2015/08/20,,,,,3,,execoin,execoin
498,,,,,,,,,,,,,2015/08/21,,,,,2,,execoin,execoin
499,,,,,,,,,,,,,2015/08/22,,,,,null,,execoin,execoin
500,,,,,,,,,,,,,2015/08/23,,,,,null,,execoin,execoin
501,,,,,,,,,,,,,2015/08/24,,,,,1,,execoin,execoin
502,,,,,,,,,,,,,2015/08/25,,,,,null,,execoin,execoin
503,,,,,,,,,,,,,2015/08/26,,,,,1,,execoin,execoin
504,,,,,,,,,,,,,2015/08/27,,,,,2,,execoin,execoin
505,,,,,,,,,,,,,2015/08/28,,,,,1,,execoin,execoin
506,,,,,,,,,,,,,2015/08/29,,,,,1,,execoin,execoin
507,,,,,,,,,,,,,2015/08/30,,,,,null,,execoin,execoin
508,,,,,,,,,,,,,2015/08/31,,,,,2,,execoin,execoin
509,,,,,,,,,,,,,2015/09/01,,,,,2,,execoin,execoin
510,,,,,,,,,,,,,2015/09/02,,,,,1,,execoin,execoin
511,,,,,,,,,,,,,2015/09/03,,,,,null,,execoin,execoin
512,,,,,,,,,,,,,2015/09/04,,,,,null,,execoin,execoin
513,,,,,,,,,,,,,2015/09/05,,,,,2,,execoin,execoin
514,,,,,,,,,,,,,2015/09/06,,,,,null,,execoin,execoin
515,,,,,,,,,,,,,2015/09/07,,,,,null,,execoin,execoin
516,,,,,,,,,,,,,2015/09/08,,,,,2,,execoin,execoin
517,,,,,,,,,,,,,2015/09/09,,,,,1,,execoin,execoin
518,,,,,,,,,,,,,2015/09/10,,,,,2,,execoin,execoin
519,,,,,,,,,,,,,2015/09/11,,,,,1,,execoin,execoin
520,,,,,,,,,,,,,2015/09/12,,,,,1,,execoin,execoin
521,,,,,,,,,,,,,2015/09/13,,,,,null,,execoin,execoin
522,,,,,,,,,,,,,2015/09/14,,,,,null,,execoin,execoin
523,,,,,,,,,,,,,2015/09/15,,,,,null,,execoin,execoin
524,,,,,,,,,,,,,2015/09/16,,,,,1,,execoin,execoin
525,,,,,,,,,,,,,2015/09/17,,,,,1,,execoin,execoin
526,,,,,,,,,,,,,2015/09/18,,,,,null,,execoin,execoin
527,,,,,,,,,,,,,2015/09/19,,,,,null,,execoin,execoin
528,,,,,,,,,,,,,2015/09/20,,,,,null,,execoin,execoin
529,,,,,,,,,,,,,2015/09/21,,,,,null,,execoin,execoin
530,,,,,,,,,,,,,2015/09/22,,,,,null,,execoin,execoin
531,,,,,,,,,,,,,2015/09/23,,,,,null,,execoin,execoin
532,,,,,,,,,,,,,2015/09/24,,,,,null,,execoin,execoin
533,,,,,,,,,,,,,2015/09/25,,,,,2,,execoin,execoin
534,,,,,,,,,,,,,2015/09/26,,,,,null,,execoin,execoin
535,,,,,,,,,,,,,2015/09/27,,,,,1,,execoin,execoin
536,,,,,,,,,,,,,2015/09/28,,,,,null,,execoin,execoin
537,,,,,,,,,,,,,2015/09/29,,,,,null,,execoin,execoin
538,,,,,,,,,,,,,2015/09/30,,,,,1,,execoin,execoin
539,,,,,,,,,,,,,2015/10/01,,,,,2,,execoin,execoin
540,,,,,,,,,,,,,2015/10/02,,,,,1,,execoin,execoin
541,,,,,,,,,,,,,2015/10/03,,,,,1,,execoin,execoin
542,,,,,,,,,,,,,2015/10/04,,,,,1,,execoin,execoin
543,,,,,,,,,,,,,2015/10/05,,,,,1,,execoin,execoin
544,,,,,,,,,,,,,2015/10/06,,,,,null,,execoin,execoin
545,,,,,,,,,,,,,2015/10/07,,,,,null,,execoin,execoin
546,,,,,,,,,,,,,2015/10/08,,,,,null,,execoin,execoin
547,,,,,,,,,,,,,2015/10/09,,,,,1,,execoin,execoin
548,,,,,,,,,,,,,2015/10/10,,,,,null,,execoin,execoin
549,,,,,,,,,,,,,2015/10/11,,,,,null,,execoin,execoin
550,,,,,,,,,,,,,2015/10/12,,,,,null,,execoin,execoin
551,,,,,,,,,,,,,2015/10/13,,,,,null,,execoin,execoin
552,,,,,,,,,,,,,2015/10/14,,,,,1,,execoin,execoin
553,,,,,,,,,,,,,2015/10/15,,,,,null,,execoin,execoin
554,,,,,,,,,,,,,2015/10/16,,,,,null,,execoin,execoin
555,,,,,,,,,,,,,2015/10/17,,,,,null,,execoin,execoin
556,,,,,,,,,,,,,2015/10/18,,,,,null,,execoin,execoin
557,,,,,,,,,,,,,2015/10/19,,,,,1,,execoin,execoin
558,,,,,,,,,,,,,2015/10/20,,,,,null,,execoin,execoin
559,,,,,,,,,,,,,2015/10/21,,,,,null,,execoin,execoin
560,,,,,,,,,,,,,2015/10/22,,,,,null,,execoin,execoin
561,,,,,,,,,,,,,2015/10/23,,,,,null,,execoin,execoin
562,,,,,,,,,,,,,2015/10/24,,,,,2,,execoin,execoin
563,,,,,,,,,,,,,2015/10/25,,,,,1,,execoin,execoin
564,,,,,,,,,,,,,2015/10/26,,,,,1,,execoin,execoin
565,,,,,,,,,,,,,2015/10/27,,,,,2,,execoin,execoin
566,,,,,,,,,,,,,2015/10/28,,,,,2,,execoin,execoin
567,,,,,,,,,,,,,2015/10/29,,,,,2,,execoin,execoin
568,,,,,,,,,,,,,2015/10/30,,,,,2,,execoin,execoin
569,,,,,,,,,,,,,2015/10/31,,,,,null,,execoin,execoin
570,,,,,,,,,,,,,2015/11/01,,,,,8,,execoin,execoin
571,,,,,,,,,,,,,2015/11/02,,,,,null,,execoin,execoin
572,,,,,,,,,,,,,2015/11/03,,,,,4,,execoin,execoin
573,,,,,,,,,,,,,2015/11/04,,,,,null,,execoin,execoin
574,,,,,,,,,,,,,2015/11/05,,,,,null,,execoin,execoin
575,,,,,,,,,,,,,2015/11/06,,,,,2,,execoin,execoin
576,,,,,,,,,,,,,2015/11/07,,,,,4,,execoin,execoin
577,,,,,,,,,,,,,2015/11/08,,,,,null,,execoin,execoin
578,,,,,,,,,,,,,2015/11/09,,,,,null,,execoin,execoin
579,,,,,,,,,,,,,2015/11/10,,,,,null,,execoin,execoin
580,,,,,,,,,,,,,2015/11/11,,,,,null,,execoin,execoin
581,,,,,,,,,,,,,2015/11/12,,,,,null,,execoin,execoin
582,,,,,,,,,,,,,2015/11/13,,,,,4,,execoin,execoin
583,,,,,,,,,,,,,2015/11/14,,,,,null,,execoin,execoin
584,,,,,,,,,,,,,2015/11/15,,,,,null,,execoin,execoin
585,,,,,,,,,,,,,2015/11/16,,,,,null,,execoin,execoin
586,,,,,,,,,,,,,2015/11/17,,,,,2,,execoin,execoin
587,,,,,,,,,,,,,2015/11/18,,,,,2,,execoin,execoin
588,,,,,,,,,,,,,2015/11/19,,,,,2,,execoin,execoin
589,,,,,,,,,,,,,2015/11/20,,,,,2,,execoin,execoin
590,,,,,,,,,,,,,2015/11/21,,,,,2,,execoin,execoin
591,,,,,,,,,,,,,2015/11/22,,,,,4,,execoin,execoin
592,,,,,,,,,,,,,2015/11/23,,,,,null,,execoin,execoin
593,,,,,,,,,,,,,2015/11/24,,,,,null,,execoin,execoin
594,,,,,,,,,,,,,2015/11/25,,,,,null,,execoin,execoin
595,,,,,,,,,,,,,2015/11/26,,,,,4,,execoin,execoin
596,,,,,,,,,,,,,2015/11/27,,,,,null,,execoin,execoin
597,,,,,,,,,,,,,2015/11/28,,,,,null,,execoin,execoin
598,,,,,,,,,,,,,2015/11/29,,,,,null,,execoin,execoin
599,,,,,,,,,,,,,2015/11/30,,,,,null,,execoin,execoin
600,,,,,,,,,,,,,2015/12/01,,,,,2,,execoin,execoin
601,,,,,,,,,,,,,2015/12/02,,,,,2,,execoin,execoin
602,,,,,,,,,,,,,2015/12/03,,,,,null,,execoin,execoin
603,,,,,,,,,,,,,2015/12/04,,,,,2,,execoin,execoin
604,,,,,,,,,,,,,2015/12/05,,,,,2,,execoin,execoin
605,,,,,,,,,,,,,2015/12/06,,,,,null,,execoin,execoin
606,,,,,,,,,,,,,2015/12/07,,,,,null,,execoin,execoin
607,,,,,,,,,,,,,2015/12/08,,,,,null,,execoin,execoin
608,,,,,,,,,,,,,2015/12/09,,,,,2,,execoin,execoin
609,,,,,,,,,,,,,2015/12/10,,,,,null,,execoin,execoin
610,,,,,,,,,,,,,2015/12/11,,,,,null,,execoin,execoin
611,,,,,,,,,,,,,2015/12/12,,,,,4,,execoin,execoin
612,,,,,,,,,,,,,2015/12/13,,,,,null,,execoin,execoin
613,,,,,,,,,,,,,2015/12/14,,,,,null,,execoin,execoin
614,,,,,,,,,,,,,2015/12/15,,,,,2,,execoin,execoin
615,,,,,,,,,,,,,2015/12/16,,,,,null,,execoin,execoin
616,,,,,,,,,,,,,2015/12/17,,,,,null,,execoin,execoin
617,,,,,,,,,,,,,2015/12/18,,,,,null,,execoin,execoin
618,,,,,,,,,,,,,2015/12/19,,,,,2,,execoin,execoin
619,,,,,,,,,,,,,2015/12/20,,,,,null,,execoin,execoin
620,,,,,,,,,,,,,2015/12/21,,,,,null,,execoin,execoin
621,,,,,,,,,,,,,2015/12/22,,,,,null,,execoin,execoin
622,,,,,,,,,,,,,2015/12/23,,,,,null,,execoin,execoin
623,,,,,,,,,,,,,2015/12/24,,,,,2,,execoin,execoin
624,,,,,,,,,,,,,2015/12/25,,,,,4,,execoin,execoin
625,,,,,,,,,,,,,2015/12/26,,,,,2,,execoin,execoin
626,,,,,,,,,,,,,2015/12/27,,,,,2,,execoin,execoin
627,,,,,,,,,,,,,2015/12/28,,,,,1,,execoin,execoin
628,,,,,,,,,,,,,2015/12/29,,,,,2,,execoin,execoin
629,,,,,,,,,,,,,2015/12/30,,,,,null,,execoin,execoin
630,,,,,,,,,,,,,2015/12/31,,,,,2,,execoin,execoin
631,,,,,,,,,,,,,2016/01/01,,,,,2,,execoin,execoin
632,,,,,,,,,,,,,2016/01/02,,,,,null,,execoin,execoin
633,,,,,,,,,,,,,2016/01/03,,,,,null,,execoin,execoin
634,,,,,,,,,,,,,2016/01/04,,,,,null,,execoin,execoin
635,,,,,,,,,,,,,2016/01/05,,,,,null,,execoin,execoin
636,,,,,,,,,,,,,2016/01/06,,,,,null,,execoin,execoin
637,,,,,,,,,,,,,2016/01/07,,,,,null,,execoin,execoin
638,,,,,,,,,,,,,2016/01/08,,,,,2,,execoin,execoin
639,,,,,,,,,,,,,2016/01/09,,,,,null,,execoin,execoin
640,,,,,,,,,,,,,2016/01/10,,,,,null,,execoin,execoin
641,,,,,,,,,,,,,2016/01/11,,,,,4,,execoin,execoin
642,,,,,,,,,,,,,2016/01/12,,,,,4,,execoin,execoin
643,,,,,,,,,,,,,2016/01/13,,,,,2,,execoin,execoin
644,,,,,,,,,,,,,2016/01/14,,,,,null,,execoin,execoin
645,,,,,,,,,,,,,2016/01/15,,,,,2,,execoin,execoin
646,,,,,,,,,,,,,2016/01/16,,,,,null,,execoin,execoin
647,,,,,,,,,,,,,2016/01/17,,,,,null,,execoin,execoin
648,,,,,,,,,,,,,2016/01/18,,,,,null,,execoin,execoin
649,,,,,,,,,,,,,2016/01/19,,,,,null,,execoin,execoin
650,,,,,,,,,,,,,2016/01/20,,,,,2,,execoin,execoin
651,,,,,,,,,,,,,2016/01/21,,,,,2,,execoin,execoin
652,,,,,,,,,,,,,2016/01/22,,,,,null,,execoin,execoin
653,,,,,,,,,,,,,2016/01/23,,,,,2,,execoin,execoin
654,,,,,,,,,,,,,2016/01/24,,,,,null,,execoin,execoin
655,,,,,,,,,,,,,2016/01/25,,,,,null,,execoin,execoin
656,,,,,,,,,,,,,2016/01/26,,,,,null,,execoin,execoin
657,,,,,,,,,,,,,2016/01/27,,,,,null,,execoin,execoin
658,,,,,,,,,,,,,2016/01/28,,,,,null,,execoin,execoin
659,,,,,,,,,,,,,2016/01/29,,,,,null,,execoin,execoin
660,,,,,,,,,,,,,2016/01/30,,,,,4,,execoin,execoin
661,,,,,,,,,,,,,2016/01/31,,,,,null,,execoin,execoin
662,,,,,,,,,,,,,2016/02/01,,,,,null,,execoin,execoin
663,,,,,,,,,,,,,2016/02/02,,,,,null,,execoin,execoin
664,,,,,,,,,,,,,2016/02/03,,,,,null,,execoin,execoin
665,,,,,,,,,,,,,2016/02/04,,,,,null,,execoin,execoin
666,,,,,,,,,,,,,2016/02/05,,,,,3,,execoin,execoin
667,,,,,,,,,,,,,2016/02/06,,,,,null,,execoin,execoin
668,,,,,,,,,,,,,2016/02/07,,,,,null,,execoin,execoin
669,,,,,,,,,,,,,2016/02/08,,,,,null,,execoin,execoin
670,,,,,,,,,,,,,2016/02/09,,,,,null,,execoin,execoin
671,,,,,,,,,,,,,2016/02/10,,,,,null,,execoin,execoin
672,,,,,,,,,,,,,2016/02/11,,,,,null,,execoin,execoin
673,,,,,,,,,,,,,2016/02/12,,,,,2,,execoin,execoin
674,,,,,,,,,,,,,2016/02/13,,,,,null,,execoin,execoin
675,,,,,,,,,,,,,2016/02/14,,,,,null,,execoin,execoin
676,,,,,,,,,,,,,2016/02/15,,,,,null,,execoin,execoin
677,,,,,,,,,,,,,2016/02/16,,,,,null,,execoin,execoin
678,,,,,,,,,,,,,2016/02/17,,,,,1,,execoin,execoin
679,,,,,,,,,,,,,2016/02/18,,,,,null,,execoin,execoin
680,,,,,,,,,,,,,2016/02/19,,,,,1,,execoin,execoin
681,,,,,,,,,,,,,2016/02/20,,,,,2,,execoin,execoin
682,,,,,,,,,,,,,2016/02/21,,,,,2,,execoin,execoin
683,,,,,,,,,,,,,2016/02/22,,,,,1,,execoin,execoin
684,,,,,,,,,,,,,2016/02/23,,,,,null,,execoin,execoin
685,,,,,,,,,,,,,2016/02/24,,,,,null,,execoin,execoin
686,,,,,,,,,,,,,2016/02/25,,,,,null,,execoin,execoin
687,,,,,,,,,,,,,2016/02/26,,,,,null,,execoin,execoin
688,,,,,,,,,,,,,2016/02/27,,,,,null,,execoin,execoin
689,,,,,,,,,,,,,2016/02/28,,,,,null,,execoin,execoin
690,,,,,,,,,,,,,2016/02/29,,,,,null,,execoin,execoin
691,,,,,,,,,,,,,2016/03/01,,,,,null,,execoin,execoin
692,,,,,,,,,,,,,2016/03/02,,,,,null,,execoin,execoin
693,,,,,,,,,,,,,2016/03/03,,,,,null,,execoin,execoin
694,,,,,,,,,,,,,2016/03/04,,,,,null,,execoin,execoin
695,,,,,,,,,,,,,2016/03/05,,,,,null,,execoin,execoin
696,,,,,,,,,,,,,2016/03/06,,,,,null,,execoin,execoin
697,,,,,,,,,,,,,2016/03/07,,,,,null,,execoin,execoin
698,,,,,,,,,,,,,2016/03/08,,,,,null,,execoin,execoin
699,,,,,,,,,,,,,2016/03/09,,,,,null,,execoin,execoin
700,,,,,,,,,,,,,2016/03/10,,,,,null,,execoin,execoin
701,,,,,,,,,,,,,2016/03/11,,,,,null,,execoin,execoin
702,,,,,,,,,,,,,2016/03/12,,,,,null,,execoin,execoin
703,,,,,,,,,,,,,2016/03/13,,,,,null,,execoin,execoin
704,,,,,,,,,,,,,2016/03/14,,,,,null,,execoin,execoin
705,,,,,,,,,,,,,2016/03/15,,,,,null,,execoin,execoin
706,,,,,,,,,,,,,2016/03/16,,,,,null,,execoin,execoin
707,,,,,,,,,,,,,2016/03/17,,,,,null,,execoin,execoin
708,,,,,,,,,,,,,2016/03/18,,,,,null,,execoin,execoin
709,,,,,,,,,,,,,2016/03/19,,,,,null,,execoin,execoin
710,,,,,,,,,,,,,2016/03/20,,,,,null,,execoin,execoin
711,,,,,,,,,,,,,2016/03/21,,,,,null,,execoin,execoin
712,,,,,,,,,,,,,2016/03/22,,,,,null,,execoin,execoin
713,,,,,,,,,,,,,2016/03/23,,,,,null,,execoin,execoin
714,,,,,,,,,,,,,2016/03/24,,,,,null,,execoin,execoin
715,,,,,,,,,,,,,2016/03/25,,,,,null,,execoin,execoin
716,,,,,,,,,,,,,2016/03/26,,,,,null,,execoin,execoin
717,,,,,,,,,,,,,2016/03/27,,,,,null,,execoin,execoin
718,,,,,,,,,,,,,2016/03/28,,,,,null,,execoin,execoin
719,,,,,,,,,,,,,2016/03/29,,,,,null,,execoin,execoin
720,,,,,,,,,,,,,2016/03/30,,,,,null,,execoin,execoin
721,,,,,,,,,,,,,2016/03/31,,,,,null,,execoin,execoin
722,,,,,,,,,,,,,2016/04/01,,,,,null,,execoin,execoin
723,,,,,,,,,,,,,2016/04/02,,,,,null,,execoin,execoin
724,,,,,,,,,,,,,2016/04/03,,,,,null,,execoin,execoin
725,,,,,,,,,,,,,2016/04/04,,,,,null,,execoin,execoin
726,,,,,,,,,,,,,2016/04/05,,,,,null,,execoin,execoin
727,,,,,,,,,,,,,2016/04/06,,,,,null,,execoin,execoin
728,,,,,,,,,,,,,2016/04/07,,,,,null,,execoin,execoin
729,,,,,,,,,,,,,2016/04/08,,,,,null,,execoin,execoin
730,,,,,,,,,,,,,2016/04/09,,,,,null,,execoin,execoin
731,,,,,,,,,,,,,2016/04/10,,,,,null,,execoin,execoin
732,,,,,,,,,,,,,2016/04/11,,,,,null,,execoin,execoin
733,,,,,,,,,,,,,2016/04/12,,,,,null,,execoin,execoin
734,,,,,,,,,,,,,2016/04/13,,,,,null,,execoin,execoin
735,,,,,,,,,,,,,2016/04/14,,,,,null,,execoin,execoin
736,,,,,,,,,,,,,2016/04/15,,,,,null,,execoin,execoin
737,,,,,,,,,,,,,2016/04/16,,,,,null,,execoin,execoin
738,,,,,,,,,,,,,2016/04/17,,,,,null,,execoin,execoin
739,,,,,,,,,,,,,2016/04/18,,,,,null,,execoin,execoin
740,,,,,,,,,,,,,2016/04/19,,,,,null,,execoin,execoin
741,,,,,,,,,,,,,2016/04/20,,,,,null,,execoin,execoin
742,,,,,,,,,,,,,2016/04/21,,,,,null,,execoin,execoin
743,,,,,,,,,,,,,2016/04/22,,,,,null,,execoin,execoin
744,,,,,,,,,,,,,2016/04/23,,,,,null,,execoin,execoin
745,,,,,,,,,,,,,2016/04/24,,,,,null,,execoin,execoin
746,,,,,,,,,,,,,2016/04/25,,,,,null,,execoin,execoin
747,,,,,,,,,,,,,2016/04/26,,,,,null,,execoin,execoin
748,,,,,,,,,,,,,2016/04/27,,,,,null,,execoin,execoin
749,,,,,,,,,,,,,2016/04/28,,,,,3,,execoin,execoin
750,,,,,,,,,,,,,2016/04/29,,,,,3,,execoin,execoin
751,,,,,,,,,,,,,2016/04/30,,,,,4,,execoin,execoin
752,,,,,,,,,,,,,2016/05/01,,,,,3,,execoin,execoin
753,,,,,,,,,,,,,2016/05/02,,,,,4,,execoin,execoin
754,,,,,,,,,,,,,2016/05/03,,,,,3,,execoin,execoin
755,,,,,,,,,,,,,2016/05/04,,,,,3,,execoin,execoin
756,,,,,,,,,,,,,2016/05/05,,,,,4,,execoin,execoin
757,,,,,,,,,,,,,2016/05/06,,,,,5,,execoin,execoin
758,,,,,,,,,,,,,2016/05/07,,,,,3,,execoin,execoin
759,,,,,,,,,,,,,2016/05/08,,,,,4,,execoin,execoin
760,,,,,,,,,,,,,2016/05/09,,,,,5,,execoin,execoin
761,,,,,,,,,,,,,2016/05/10,,,,,3,,execoin,execoin
762,,,,,,,,,,,,,2016/05/11,,,,,3,,execoin,execoin
763,,,,,,,,,,,,,2016/05/12,,,,,4,,execoin,execoin
764,,,,,,,,,,,,,2016/05/13,,,,,3,,execoin,execoin
765,,,,,,,,,,,,,2016/05/14,,,,,4,,execoin,execoin
766,,,,,,,,,,,,,2016/05/15,,,,,4,,execoin,execoin
767,,,,,,,,,,,,,2016/05/16,,,,,3,,execoin,execoin
768,,,,,,,,,,,,,2016/05/17,,,,,4,,execoin,execoin
769,,,,,,,,,,,,,2016/05/18,,,,,3,,execoin,execoin
770,,,,,,,,,,,,,2016/05/19,,,,,4,,execoin,execoin
771,,,,,,,,,,,,,2016/05/20,,,,,3,,execoin,execoin
772,,,,,,,,,,,,,2016/05/21,,,,,3,,execoin,execoin
773,,,,,,,,,,,,,2016/05/22,,,,,3,,execoin,execoin
774,,,,,,,,,,,,,2016/05/23,,,,,3,,execoin,execoin
775,,,,,,,,,,,,,2016/05/24,,,,,4,,execoin,execoin
776,,,,,,,,,,,,,2016/05/25,,,,,1,,execoin,execoin
777,,,,,,,,,,,,,2016/05/26,,,,,3,,execoin,execoin
778,,,,,,,,,,,,,2016/05/27,,,,,3,,execoin,execoin
779,,,,,,,,,,,,,2016/05/28,,,,,3,,execoin,execoin
780,,,,,,,,,,,,,2016/05/29,,,,,4,,execoin,execoin
781,,,,,,,,,,,,,2016/05/30,,,,,3,,execoin,execoin
782,,,,,,,,,,,,,2016/05/31,,,,,3,,execoin,execoin
783,,,,,,,,,,,,,2016/06/01,,,,,3,,execoin,execoin
784,,,,,,,,,,,,,2016/06/02,,,,,3,,execoin,execoin
785,,,,,,,,,,,,,2016/06/03,,,,,4,,execoin,execoin
786,,,,,,,,,,,,,2016/06/04,,,,,1,,execoin,execoin
