,difficulty,block_size,av_transaction_value,confirmation_time,median_transaction_size,hashrate,top_100_percent,mining_profitability,google_trends,fee_reward,transactions,av_transaction_size,send_usd,median_transaction_value,active_addresses,sent_addresses,date,tweets,market_cap,full_name,coin
0,,,,,,,,,,,,,,,,,2014/07/11,38,61968,stealthcoin,stealthcoin
1,,,,,,,,,,,,,,,,,2014/07/12,77,120732,stealthcoin,stealthcoin
2,,,,,,,,,,,,,,,,,2014/07/13,114,214528,stealthcoin,stealthcoin
3,,,,,,,,,,,,,,,,,2014/07/14,68,186994,stealthcoin,stealthcoin
4,,,,,,,,,,,,,,,,,2014/07/15,68,133007,stealthcoin,stealthcoin
5,,,,,,,,,,,,,,,,,2014/07/16,15,120146,stealthcoin,stealthcoin
6,,,,,,,,,,,,,,,,,2014/07/17,31,107529,stealthcoin,stealthcoin
7,,,,,,,,,,,,,,,,,2014/07/18,16,102536,stealthcoin,stealthcoin
8,,,,,,,,,,,,,,,,,2014/07/19,21,87515,stealthcoin,stealthcoin
9,,,,,,,,,,,,,,,,,2014/07/20,10,54163,stealthcoin,stealthcoin
10,,,,,,,,,,,,,,,,,2014/07/21,19,56773,stealthcoin,stealthcoin
11,,,,,,,,,,,,,,,,,2014/07/22,14,56232,stealthcoin,stealthcoin
12,,,,,,,,,,,,,,,,,2014/07/23,null,45949,stealthcoin,stealthcoin
13,,,,,,,,,,,,,,,,,2014/07/24,1,52396,stealthcoin,stealthcoin
14,,,,,,,,,,,,,,,,,2014/07/25,8,51908,stealthcoin,stealthcoin
15,,,,,,,,,,,,,,,,,2014/07/26,10,81539,stealthcoin,stealthcoin
16,,,,,,,,,,,,,,,,,2014/07/27,11,72262,stealthcoin,stealthcoin
17,,,,,,,,,,,,,,,,,2014/07/28,33,76991,stealthcoin,stealthcoin
18,,,,,,,,,,,,,,,,,2014/07/29,83,145191,stealthcoin,stealthcoin
19,,,,,,,,,,,,,,,,,2014/07/30,34,118539,stealthcoin,stealthcoin
20,,,,,,,,,,,,,,,,,2014/07/31,44,135948,stealthcoin,stealthcoin
21,,,,,,,,,,,,,,,,,2014/08/01,17,null,stealthcoin,stealthcoin
22,,,,,,,,,,,,,,,,,2014/08/02,6,null,stealthcoin,stealthcoin
23,,,,,,,,,,,,,,,,,2014/08/03,2,null,stealthcoin,stealthcoin
24,,,,,,,,,,,,,,,,,2014/08/04,7,null,stealthcoin,stealthcoin
25,,,,,,,,,,,,,,,,,2014/08/05,3,null,stealthcoin,stealthcoin
26,,,,,,,,,,,,,,,,,2014/08/06,18,112062,stealthcoin,stealthcoin
27,,,,,,,,,,,,,,,,,2014/08/07,13,103546,stealthcoin,stealthcoin
28,,,,,,,,,,,,,,,,,2014/08/08,11,103672,stealthcoin,stealthcoin
29,,,,,,,,,,,,,,,,,2014/08/09,2,111688,stealthcoin,stealthcoin
30,,,,,,,,,,,,,,,,,2014/08/10,3,114420,stealthcoin,stealthcoin
31,,,,,,,,,,,,,,,,,2014/08/11,4,121588,stealthcoin,stealthcoin
32,,,,,,,,,,,,,,,,,2014/08/12,2,116008,stealthcoin,stealthcoin
33,,,,,,,,,,,,,,,,,2014/08/13,3,127371,stealthcoin,stealthcoin
34,,,,,,,,,,,,,,,,,2014/08/14,8,120434,stealthcoin,stealthcoin
35,,,,,,,,,,,,,,,,,2014/08/15,11,111384,stealthcoin,stealthcoin
36,,,,,,,,,,,,,,,,,2014/08/16,null,107584,stealthcoin,stealthcoin
37,,,,,,,,,,,,,,,,,2014/08/17,1,116976,stealthcoin,stealthcoin
38,,,,,,,,,,,,,,,,,2014/08/18,9,98570,stealthcoin,stealthcoin
39,,,,,,,,,,,,,,,,,2014/08/19,1,95965,stealthcoin,stealthcoin
40,,,,,,,,,,,,,,,,,2014/08/20,null,106924,stealthcoin,stealthcoin
41,,,,,,,,,,,,,,,,,2014/08/21,null,118123,stealthcoin,stealthcoin
42,,,,,,,,,,,,,,,,,2014/08/22,null,111842,stealthcoin,stealthcoin
43,,,,,,,,,,,,,,,,,2014/08/23,null,105753,stealthcoin,stealthcoin
44,,,,,,,,,,,,,,,,,2014/08/24,18,124817,stealthcoin,stealthcoin
45,,,,,,,,,,,,,,,,,2014/08/25,48,198932,stealthcoin,stealthcoin
46,,,,,,,,,,,,,,,,,2014/08/26,6,212243,stealthcoin,stealthcoin
47,,,,,,,,,,,,,,,,,2014/08/27,51,172109,stealthcoin,stealthcoin
48,,,,,,,,,,,,,,,,,2014/08/28,5,211382,stealthcoin,stealthcoin
49,,,,,,,,,,,,,,,,,2014/08/29,null,186765,stealthcoin,stealthcoin
50,,,,,,,,,,,,,,,,,2014/08/30,null,181682,stealthcoin,stealthcoin
51,,,,,,,,,,,,,,,,,2014/08/31,null,173790,stealthcoin,stealthcoin
52,,,,,,,,,,,,,,,,,2014/09/01,4,141840,stealthcoin,stealthcoin
53,,,,,,,,,,,,,,,,,2014/09/02,9,127976,stealthcoin,stealthcoin
54,,,,,,,,,,,,,,,,,2014/09/03,72,156758,stealthcoin,stealthcoin
55,,,,,,,,,,,,,,,,,2014/09/04,584,560365,stealthcoin,stealthcoin
56,,,,,,,,,,,,,,,,,2014/09/05,971,629047,stealthcoin,stealthcoin
57,,,,,,,,,,,,,,,,,2014/09/06,63,661437,stealthcoin,stealthcoin
58,,,,,,,,,,,,,,,,,2014/09/07,225,891878,stealthcoin,stealthcoin
59,,,,,,,,,,,,,,,,,2014/09/08,313,1054234,stealthcoin,stealthcoin
60,,,,,,,,,,,,,,,,,2014/09/09,30,936002,stealthcoin,stealthcoin
61,,,,,,,,,,,,,,,,,2014/09/10,65,771955,stealthcoin,stealthcoin
62,,,,,,,,,,,,,,,,,2014/09/11,43,826182,stealthcoin,stealthcoin
63,,,,,,,,,,,,,,,,,2014/09/12,69,819314,stealthcoin,stealthcoin
64,,,,,,,,,,,,,,,,,2014/09/13,71,869346,stealthcoin,stealthcoin
65,,,,,,,,,,,,,,,,,2014/09/14,192,920465,stealthcoin,stealthcoin
66,,,,,,,,,,,,,,,,,2014/09/15,158,820665,stealthcoin,stealthcoin
67,,,,,,,,,,,,,,,,,2014/09/16,75,822489,stealthcoin,stealthcoin
68,,,,,,,,,,,,,,,,,2014/09/17,164,890524,stealthcoin,stealthcoin
69,,,,,,,,,,,,,,,,,2014/09/18,84,855833,stealthcoin,stealthcoin
70,,,,,,,,,,,,,,,,,2014/09/19,46,786178,stealthcoin,stealthcoin
71,,,,,,,,,,,,,,,,,2014/09/20,149,829618,stealthcoin,stealthcoin
72,,,,,,,,,,,,,,,,,2014/09/21,153,1083494,stealthcoin,stealthcoin
73,,,,,,,,,,,,,,,,,2014/09/22,66,1184681,stealthcoin,stealthcoin
74,,,,,,,,,,,,,,,,,2014/09/23,137,1171831,stealthcoin,stealthcoin
75,,,,,,,,,,,,,,,,,2014/09/24,62,963649,stealthcoin,stealthcoin
76,,,,,,,,,,,,,,,,,2014/09/25,33,887404,stealthcoin,stealthcoin
77,,,,,,,,,,,,,,,,,2014/09/26,39,878419,stealthcoin,stealthcoin
78,,,,,,,,,,,,,,,,,2014/09/27,30,852726,stealthcoin,stealthcoin
79,,,,,,,,,,,,,,,,,2014/09/28,16,812936,stealthcoin,stealthcoin
80,,,,,,,,,,,,,,,,,2014/09/29,40,720056,stealthcoin,stealthcoin
81,,,,,,,,,,,,,,,,,2014/09/30,30,742647,stealthcoin,stealthcoin
82,,,,,,,,,,,,,,,,,2014/10/01,375,888608,stealthcoin,stealthcoin
83,,,,,,,,,,,,,,,,,2014/10/02,259,901749,stealthcoin,stealthcoin
84,,,,,,,,,,,,,,,,,2014/10/03,56,791588,stealthcoin,stealthcoin
85,,,,,,,,,,,,,,,,,2014/10/04,21,746262,stealthcoin,stealthcoin
86,,,,,,,,,,,,,,,,,2014/10/05,38,669544,stealthcoin,stealthcoin
87,,,,,,,,,,,,,,,,,2014/10/06,11,701554,stealthcoin,stealthcoin
88,,,,,,,,,,,,,,,,,2014/10/07,25,695065,stealthcoin,stealthcoin
89,,,,,,,,,,,,,,,,,2014/10/08,32,610747,stealthcoin,stealthcoin
90,,,,,,,,,,,,,,,,,2014/10/09,26,629940,stealthcoin,stealthcoin
91,,,,,,,,,,,,,,,,,2014/10/10,11,475414,stealthcoin,stealthcoin
92,,,,,,,,,,,,,,,,,2014/10/11,24,450315,stealthcoin,stealthcoin
93,,,,,,,,,,,,,,,,,2014/10/12,12,465542,stealthcoin,stealthcoin
94,,,,,,,,,,,,,,,,,2014/10/13,3,430893,stealthcoin,stealthcoin
95,,,,,,,,,,,,,,,,,2014/10/14,3,402685,stealthcoin,stealthcoin
96,,,,,,,,,,,,,,,,,2014/10/15,13,337303,stealthcoin,stealthcoin
97,,,,,,,,,,,,,,,,,2014/10/16,22,381235,stealthcoin,stealthcoin
98,,,,,,,,,,,,,,,,,2014/10/17,1,390584,stealthcoin,stealthcoin
99,,,,,,,,,,,,,,,,,2014/10/18,16,466409,stealthcoin,stealthcoin
100,,,,,,,,,,,,,,,,,2014/10/19,8,475967,stealthcoin,stealthcoin
101,,,,,,,,,,,,,,,,,2014/10/20,25,426531,stealthcoin,stealthcoin
102,,,,,,,,,,,,,,,,,2014/10/21,20,388582,stealthcoin,stealthcoin
103,,,,,,,,,,,,,,,,,2014/10/22,3,374750,stealthcoin,stealthcoin
104,,,,,,,,,,,,,,,,,2014/10/23,28,375819,stealthcoin,stealthcoin
105,,,,,,,,,,,,,,,,,2014/10/24,3,347414,stealthcoin,stealthcoin
106,,,,,,,,,,,,,,,,,2014/10/25,1,319369,stealthcoin,stealthcoin
107,,,,,,,,,,,,,,,,,2014/10/26,33,314463,stealthcoin,stealthcoin
108,,,,,,,,,,,,,,,,,2014/10/27,2,315620,stealthcoin,stealthcoin
109,,,,,,,,,,,,,,,,,2014/10/28,11,348374,stealthcoin,stealthcoin
110,,,,,,,,,,,,,,,,,2014/10/29,4,303393,stealthcoin,stealthcoin
111,,,,,,,,,,,,,,,,,2014/10/30,null,288170,stealthcoin,stealthcoin
112,,,,,,,,,,,,,,,,,2014/10/31,1,284484,stealthcoin,stealthcoin
113,,,,,,,,,,,,,,,,,2014/11/01,6,229983,stealthcoin,stealthcoin
114,,,,,,,,,,,,,,,,,2014/11/02,2,214317,stealthcoin,stealthcoin
115,,,,,,,,,,,,,,,,,2014/11/03,null,220414,stealthcoin,stealthcoin
116,,,,,,,,,,,,,,,,,2014/11/04,null,207460,stealthcoin,stealthcoin
117,,,,,,,,,,,,,,,,,2014/11/05,null,219697,stealthcoin,stealthcoin
118,,,,,,,,,,,,,,,,,2014/11/06,7,195184,stealthcoin,stealthcoin
119,,,,,,,,,,,,,,,,,2014/11/07,16,202553,stealthcoin,stealthcoin
120,,,,,,,,,,,,,,,,,2014/11/08,112,193370,stealthcoin,stealthcoin
121,,,,,,,,,,,,,,,,,2014/11/09,5,195728,stealthcoin,stealthcoin
122,,,,,,,,,,,,,,,,,2014/11/10,1,198452,stealthcoin,stealthcoin
123,,,,,,,,,,,,,,,,,2014/11/11,1,190351,stealthcoin,stealthcoin
124,,,,,,,,,,,,,,,,,2014/11/12,null,197267,stealthcoin,stealthcoin
125,,,,,,,,,,,,,,,,,2014/11/13,null,188104,stealthcoin,stealthcoin
126,,,,,,,,,,,,,,,,,2014/11/14,null,203925,stealthcoin,stealthcoin
127,,,,,,,,,,,,,,,,,2014/11/15,null,215458,stealthcoin,stealthcoin
128,,,,,,,,,,,,,,,,,2014/11/16,null,235420,stealthcoin,stealthcoin
129,,,,,,,,,,,,,,,,,2014/11/17,null,231295,stealthcoin,stealthcoin
130,,,,,,,,,,,,,,,,,2014/11/18,3,176163,stealthcoin,stealthcoin
131,,,,,,,,,,,,,,,,,2014/11/19,null,167951,stealthcoin,stealthcoin
132,,,,,,,,,,,,,,,,,2014/11/20,1,160821,stealthcoin,stealthcoin
133,,,,,,,,,,,,,,,,,2014/11/21,null,156125,stealthcoin,stealthcoin
134,,,,,,,,,,,,,,,,,2014/11/22,1,160212,stealthcoin,stealthcoin
135,,,,,,,,,,,,,,,,,2014/11/23,null,171209,stealthcoin,stealthcoin
136,,,,,,,,,,,,,,,,,2014/11/24,null,182858,stealthcoin,stealthcoin
137,,,,,,,,,,,,,,,,,2014/11/25,null,196713,stealthcoin,stealthcoin
138,,,,,,,,,,,,,,,,,2014/11/26,null,187888,stealthcoin,stealthcoin
139,,,,,,,,,,,,,,,,,2014/11/27,3,216166,stealthcoin,stealthcoin
140,,,,,,,,,,,,,,,,,2014/11/28,null,214308,stealthcoin,stealthcoin
141,,,,,,,,,,,,,,,,,2014/11/29,1,194923,stealthcoin,stealthcoin
142,,,,,,,,,,,,,,,,,2014/11/30,1,199575,stealthcoin,stealthcoin
143,,,,,,,,,,,,,,,,,2014/12/01,3,194506,stealthcoin,stealthcoin
144,,,,,,,,,,,,,,,,,2014/12/02,1,204675,stealthcoin,stealthcoin
145,,,,,,,,,,,,,,,,,2014/12/03,1,210491,stealthcoin,stealthcoin
146,,,,,,,,,,,,,,,,,2014/12/04,2,207327,stealthcoin,stealthcoin
147,,,,,,,,,,,,,,,,,2014/12/05,null,189473,stealthcoin,stealthcoin
148,,,,,,,,,,,,,,,,,2014/12/06,3,203593,stealthcoin,stealthcoin
149,,,,,,,,,,,,,,,,,2014/12/07,1,220141,stealthcoin,stealthcoin
150,,,,,,,,,,,,,,,,,2014/12/08,null,195705,stealthcoin,stealthcoin
151,,,,,,,,,,,,,,,,,2014/12/09,1,192641,stealthcoin,stealthcoin
152,,,,,,,,,,,,,,,,,2014/12/10,null,208884,stealthcoin,stealthcoin
153,,,,,,,,,,,,,,,,,2014/12/11,null,213762,stealthcoin,stealthcoin
154,,,,,,,,,,,,,,,,,2014/12/12,12,225983,stealthcoin,stealthcoin
155,,,,,,,,,,,,,,,,,2014/12/13,15,234783,stealthcoin,stealthcoin
156,,,,,,,,,,,,,,,,,2014/12/14,103,235705,stealthcoin,stealthcoin
157,,,,,,,,,,,,,,,,,2014/12/15,3,243304,stealthcoin,stealthcoin
158,,,,,,,,,,,,,,,,,2014/12/16,null,209941,stealthcoin,stealthcoin
159,,,,,,,,,,,,,,,,,2014/12/17,5,198745,stealthcoin,stealthcoin
160,,,,,,,,,,,,,,,,,2014/12/18,null,196819,stealthcoin,stealthcoin
161,,,,,,,,,,,,,,,,,2014/12/19,null,191070,stealthcoin,stealthcoin
162,,,,,,,,,,,,,,,,,2014/12/20,null,186655,stealthcoin,stealthcoin
163,,,,,,,,,,,,,,,,,2014/12/21,null,190522,stealthcoin,stealthcoin
164,,,,,,,,,,,,,,,,,2014/12/22,3,173846,stealthcoin,stealthcoin
165,,,,,,,,,,,,,,,,,2014/12/23,null,165238,stealthcoin,stealthcoin
166,,,,,,,,,,,,,,,,,2014/12/24,1,159514,stealthcoin,stealthcoin
167,,,,,,,,,,,,,,,,,2014/12/25,null,161451,stealthcoin,stealthcoin
168,,,,,,,,,,,,,,,,,2014/12/26,1,159300,stealthcoin,stealthcoin
169,,,,,,,,,,,,,,,,,2014/12/27,5,150343,stealthcoin,stealthcoin
170,,,,,,,,,,,,,,,,,2014/12/28,3,156841,stealthcoin,stealthcoin
171,,,,,,,,,,,,,,,,,2014/12/29,null,158894,stealthcoin,stealthcoin
172,,,,,,,,,,,,,,,,,2014/12/30,1,168616,stealthcoin,stealthcoin
173,,,,,,,,,,,,,,,,,2014/12/31,null,180811,stealthcoin,stealthcoin
174,,,,,,,,,,,,,,,,,2015/01/01,null,189778,stealthcoin,stealthcoin
175,,,,,,,,,,,,,,,,,2015/01/02,null,162924,stealthcoin,stealthcoin
176,,,,,,,,,,,,,,,,,2015/01/03,null,163207,stealthcoin,stealthcoin
177,,,,,,,,,,,,,,,,,2015/01/04,null,137903,stealthcoin,stealthcoin
178,,,,,,,,,,,,,,,,,2015/01/05,null,144102,stealthcoin,stealthcoin
179,,,,,,,,,,,,,,,,,2015/01/06,null,139861,stealthcoin,stealthcoin
180,,,,,,,,,,,,,,,,,2015/01/07,1,155252,stealthcoin,stealthcoin
181,,,,,,,,,,,,,,,,,2015/01/08,null,158802,stealthcoin,stealthcoin
182,,,,,,,,,,,,,,,,,2015/01/09,null,169914,stealthcoin,stealthcoin
183,,,,,,,,,,,,,,,,,2015/01/10,null,162835,stealthcoin,stealthcoin
184,,,,,,,,,,,,,,,,,2015/01/11,null,161196,stealthcoin,stealthcoin
185,,,,,,,,,,,,,,,,,2015/01/12,2,162456,stealthcoin,stealthcoin
186,,,,,,,,,,,,,,,,,2015/01/13,8,130044,stealthcoin,stealthcoin
187,,,,,,,,,,,,,,,,,2015/01/14,null,111506,stealthcoin,stealthcoin
188,,,,,,,,,,,,,,,,,2015/01/15,null,122370,stealthcoin,stealthcoin
189,,,,,,,,,,,,,,,,,2015/01/16,null,127693,stealthcoin,stealthcoin
190,,,,,,,,,,,,,,,,,2015/01/17,1,128489,stealthcoin,stealthcoin
191,,,,,,,,,,,,,,,,,2015/01/18,1,132194,stealthcoin,stealthcoin
192,,,,,,,,,,,,,,,,,2015/01/19,3,143476,stealthcoin,stealthcoin
193,,,,,,,,,,,,,,,,,2015/01/20,4,162309,stealthcoin,stealthcoin
194,,,,,,,,,,,,,,,,,2015/01/21,null,164001,stealthcoin,stealthcoin
195,,,,,,,,,,,,,,,,,2015/01/22,null,180705,stealthcoin,stealthcoin
196,,,,,,,,,,,,,,,,,2015/01/23,1,186728,stealthcoin,stealthcoin
197,,,,,,,,,,,,,,,,,2015/01/24,null,186030,stealthcoin,stealthcoin
198,,,,,,,,,,,,,,,,,2015/01/25,null,188447,stealthcoin,stealthcoin
199,,,,,,,,,,,,,,,,,2015/01/26,null,202270,stealthcoin,stealthcoin
200,,,,,,,,,,,,,,,,,2015/01/27,null,183826,stealthcoin,stealthcoin
201,,,,,,,,,,,,,,,,,2015/01/28,null,177122,stealthcoin,stealthcoin
202,,,,,,,,,,,,,,,,,2015/01/29,null,163435,stealthcoin,stealthcoin
203,,,,,,,,,,,,,,,,,2015/01/30,null,158979,stealthcoin,stealthcoin
204,,,,,,,,,,,,,,,,,2015/01/31,null,153479,stealthcoin,stealthcoin
205,,,,,,,,,,,,,,,,,2015/02/01,8,146242,stealthcoin,stealthcoin
206,,,,,,,,,,,,,,,,,2015/02/02,2,149600,stealthcoin,stealthcoin
207,,,,,,,,,,,,,,,,,2015/02/03,null,147381,stealthcoin,stealthcoin
208,,,,,,,,,,,,,,,,,2015/02/04,2,138540,stealthcoin,stealthcoin
209,,,,,,,,,,,,,,,,,2015/02/05,1,140068,stealthcoin,stealthcoin
210,,,,,,,,,,,,,,,,,2015/02/06,null,137176,stealthcoin,stealthcoin
211,,,,,,,,,,,,,,,,,2015/02/07,null,133685,stealthcoin,stealthcoin
212,,,,,,,,,,,,,,,,,2015/02/08,null,129502,stealthcoin,stealthcoin
213,,,,,,,,,,,,,,,,,2015/02/09,null,132164,stealthcoin,stealthcoin
214,,,,,,,,,,,,,,,,,2015/02/10,null,126002,stealthcoin,stealthcoin
215,,,,,,,,,,,,,,,,,2015/02/11,null,129702,stealthcoin,stealthcoin
216,,,,,,,,,,,,,,,,,2015/02/12,null,126926,stealthcoin,stealthcoin
217,,,,,,,,,,,,,,,,,2015/02/13,null,128773,stealthcoin,stealthcoin
218,,,,,,,,,,,,,,,,,2015/02/14,null,null,stealthcoin,stealthcoin
219,,,,,,,,,,,,,,,,,2015/02/15,null,134265,stealthcoin,stealthcoin
220,,,,,,,,,,,,,,,,,2015/02/16,null,135065,stealthcoin,stealthcoin
221,,,,,,,,,,,,,,,,,2015/02/17,null,138727,stealthcoin,stealthcoin
222,,,,,,,,,,,,,,,,,2015/02/18,null,142627,stealthcoin,stealthcoin
223,,,,,,,,,,,,,,,,,2015/02/19,null,144843,stealthcoin,stealthcoin
224,,,,,,,,,,,,,,,,,2015/02/20,3,142960,stealthcoin,stealthcoin
225,,,,,,,,,,,,,,,,,2015/02/21,1,145570,stealthcoin,stealthcoin
226,,,,,,,,,,,,,,,,,2015/02/22,2,145007,stealthcoin,stealthcoin
227,,,,,,,,,,,,,,,,,2015/02/23,null,139162,stealthcoin,stealthcoin
228,,,,,,,,,,,,,,,,,2015/02/24,null,138252,stealthcoin,stealthcoin
229,,,,,,,,,,,,,,,,,2015/02/25,1,145692,stealthcoin,stealthcoin
230,,,,,,,,,,,,,,,,,2015/02/26,null,150905,stealthcoin,stealthcoin
231,,,,,,,,,,,,,,,,,2015/02/27,null,158876,stealthcoin,stealthcoin
232,,,,,,,,,,,,,,,,,2015/02/28,null,162874,stealthcoin,stealthcoin
233,,,,,,,,,,,,,,,,,2015/03/01,null,136718,stealthcoin,stealthcoin
234,,,,,,,,,,,,,,,,,2015/03/02,1,149781,stealthcoin,stealthcoin
235,,,,,,,,,,,,,,,,,2015/03/03,null,149306,stealthcoin,stealthcoin
236,,,,,,,,,,,,,,,,,2015/03/04,9,163888,stealthcoin,stealthcoin
237,,,,,,,,,,,,,,,,,2015/03/05,3,163133,stealthcoin,stealthcoin
238,,,,,,,,,,,,,,,,,2015/03/06,2,159900,stealthcoin,stealthcoin
239,,,,,,,,,,,,,,,,,2015/03/07,null,159281,stealthcoin,stealthcoin
240,,,,,,,,,,,,,,,,,2015/03/08,null,163955,stealthcoin,stealthcoin
241,,,,,,,,,,,,,,,,,2015/03/09,null,168015,stealthcoin,stealthcoin
242,,,,,,,,,,,,,,,,,2015/03/10,null,166794,stealthcoin,stealthcoin
243,,,,,,,,,,,,,,,,,2015/03/11,null,171675,stealthcoin,stealthcoin
244,,,,,,,,,,,,,,,,,2015/03/12,null,173762,stealthcoin,stealthcoin
245,,,,,,,,,,,,,,,,,2015/03/13,null,150817,stealthcoin,stealthcoin
246,,,,,,,,,,,,,,,,,2015/03/14,null,148310,stealthcoin,stealthcoin
247,,,,,,,,,,,,,,,,,2015/03/15,null,null,stealthcoin,stealthcoin
248,,,,,,,,,,,,,,,,,2015/03/16,null,null,stealthcoin,stealthcoin
249,,,,,,,,,,,,,,,,,2015/03/17,null,null,stealthcoin,stealthcoin
250,,,,,,,,,,,,,,,,,2015/03/18,null,145172,stealthcoin,stealthcoin
251,,,,,,,,,,,,,,,,,2015/03/19,null,129954,stealthcoin,stealthcoin
252,,,,,,,,,,,,,,,,,2015/03/20,3,134558,stealthcoin,stealthcoin
253,,,,,,,,,,,,,,,,,2015/03/21,null,128131,stealthcoin,stealthcoin
254,,,,,,,,,,,,,,,,,2015/03/22,null,136881,stealthcoin,stealthcoin
255,,,,,,,,,,,,,,,,,2015/03/23,1,137322,stealthcoin,stealthcoin
256,,,,,,,,,,,,,,,,,2015/03/24,null,null,stealthcoin,stealthcoin
257,,,,,,,,,,,,,,,,,2015/03/25,null,114446,stealthcoin,stealthcoin
258,,,,,,,,,,,,,,,,,2015/03/26,null,116227,stealthcoin,stealthcoin
259,,,,,,,,,,,,,,,,,2015/03/27,null,118541,stealthcoin,stealthcoin
260,,,,,,,,,,,,,,,,,2015/03/28,1,120084,stealthcoin,stealthcoin
261,,,,,,,,,,,,,,,,,2015/03/29,null,110533,stealthcoin,stealthcoin
262,,,,,,,,,,,,,,,,,2015/03/30,null,96962,stealthcoin,stealthcoin
263,,,,,,,,,,,,,,,,,2015/03/31,null,94779,stealthcoin,stealthcoin
264,,,,,,,,,,,,,,,,,2015/04/01,1,97995,stealthcoin,stealthcoin
265,,,,,,,,,,,,,,,,,2015/04/02,null,107899,stealthcoin,stealthcoin
266,,,,,,,,,,,,,,,,,2015/04/03,null,119795,stealthcoin,stealthcoin
267,,,,,,,,,,,,,,,,,2015/04/04,null,113608,stealthcoin,stealthcoin
268,,,,,,,,,,,,,,,,,2015/04/05,2,109129,stealthcoin,stealthcoin
269,,,,,,,,,,,,,,,,,2015/04/06,null,121598,stealthcoin,stealthcoin
270,,,,,,,,,,,,,,,,,2015/04/07,null,104702,stealthcoin,stealthcoin
271,,,,,,,,,,,,,,,,,2015/04/08,4,98952,stealthcoin,stealthcoin
272,,,,,,,,,,,,,,,,,2015/04/09,1,96333,stealthcoin,stealthcoin
273,,,,,,,,,,,,,,,,,2015/04/10,null,89352,stealthcoin,stealthcoin
274,,,,,,,,,,,,,,,,,2015/04/11,3,88422,stealthcoin,stealthcoin
275,,,,,,,,,,,,,,,,,2015/04/12,null,91384,stealthcoin,stealthcoin
276,,,,,,,,,,,,,,,,,2015/04/13,null,83477,stealthcoin,stealthcoin
277,,,,,,,,,,,,,,,,,2015/04/14,null,78687,stealthcoin,stealthcoin
278,,,,,,,,,,,,,,,,,2015/04/15,null,79623,stealthcoin,stealthcoin
279,,,,,,,,,,,,,,,,,2015/04/16,null,97149,stealthcoin,stealthcoin
280,,,,,,,,,,,,,,,,,2015/04/17,4,80317,stealthcoin,stealthcoin
281,,,,,,,,,,,,,,,,,2015/04/18,1,72482,stealthcoin,stealthcoin
282,,,,,,,,,,,,,,,,,2015/04/19,159,75010,stealthcoin,stealthcoin
283,,,,,,,,,,,,,,,,,2015/04/20,1,74726,stealthcoin,stealthcoin
284,,,,,,,,,,,,,,,,,2015/04/21,null,74638,stealthcoin,stealthcoin
285,,,,,,,,,,,,,,,,,2015/04/22,null,74210,stealthcoin,stealthcoin
286,,,,,,,,,,,,,,,,,2015/04/23,null,75609,stealthcoin,stealthcoin
287,,,,,,,,,,,,,,,,,2015/04/24,null,69879,stealthcoin,stealthcoin
288,,,,,,,,,,,,,,,,,2015/04/25,null,63899,stealthcoin,stealthcoin
289,,,,,,,,,,,,,,,,,2015/04/26,1,67262,stealthcoin,stealthcoin
290,,,,,,,,,,,,,,,,,2015/04/27,2,,stealthcoin,stealthcoin
291,,,,,,,,,,,,,,,,,2015/04/28,null,,stealthcoin,stealthcoin
292,,,,,,,,,,,,,,,,,2015/04/29,2,,stealthcoin,stealthcoin
293,,,,,,,,,,,,,,,,,2015/04/30,null,,stealthcoin,stealthcoin
294,,,,,,,,,,,,,,,,,2015/05/01,null,,stealthcoin,stealthcoin
295,,,,,,,,,,,,,,,,,2015/05/02,null,,stealthcoin,stealthcoin
296,,,,,,,,,,,,,,,,,2015/05/03,null,,stealthcoin,stealthcoin
297,,,,,,,,,,,,,,,,,2015/05/04,null,,stealthcoin,stealthcoin
298,,,,,,,,,,,,,,,,,2015/05/05,null,,stealthcoin,stealthcoin
299,,,,,,,,,,,,,,,,,2015/05/06,null,,stealthcoin,stealthcoin
300,,,,,,,,,,,,,,,,,2015/05/07,null,,stealthcoin,stealthcoin
301,,,,,,,,,,,,,,,,,2015/05/08,1,,stealthcoin,stealthcoin
302,,,,,,,,,,,,,,,,,2015/05/09,null,,stealthcoin,stealthcoin
303,,,,,,,,,,,,,,,,,2015/05/10,1,,stealthcoin,stealthcoin
304,,,,,,,,,,,,,,,,,2015/05/11,2,,stealthcoin,stealthcoin
305,,,,,,,,,,,,,,,,,2015/05/12,1,,stealthcoin,stealthcoin
306,,,,,,,,,,,,,,,,,2015/05/13,1,,stealthcoin,stealthcoin
307,,,,,,,,,,,,,,,,,2015/05/14,null,,stealthcoin,stealthcoin
308,,,,,,,,,,,,,,,,,2015/05/15,null,,stealthcoin,stealthcoin
309,,,,,,,,,,,,,,,,,2015/05/16,1,,stealthcoin,stealthcoin
310,,,,,,,,,,,,,,,,,2015/05/17,null,,stealthcoin,stealthcoin
311,,,,,,,,,,,,,,,,,2015/05/18,null,,stealthcoin,stealthcoin
312,,,,,,,,,,,,,,,,,2015/05/19,2,,stealthcoin,stealthcoin
313,,,,,,,,,,,,,,,,,2015/05/20,1,,stealthcoin,stealthcoin
314,,,,,,,,,,,,,,,,,2015/05/21,null,,stealthcoin,stealthcoin
315,,,,,,,,,,,,,,,,,2015/05/22,null,,stealthcoin,stealthcoin
316,,,,,,,,,,,,,,,,,2015/05/23,null,,stealthcoin,stealthcoin
317,,,,,,,,,,,,,,,,,2015/05/24,5,,stealthcoin,stealthcoin
318,,,,,,,,,,,,,,,,,2015/05/25,null,,stealthcoin,stealthcoin
319,,,,,,,,,,,,,,,,,2015/05/26,1,,stealthcoin,stealthcoin
320,,,,,,,,,,,,,,,,,2015/05/27,null,,stealthcoin,stealthcoin
321,,,,,,,,,,,,,,,,,2015/05/28,null,,stealthcoin,stealthcoin
322,,,,,,,,,,,,,,,,,2015/05/29,215,,stealthcoin,stealthcoin
323,,,,,,,,,,,,,,,,,2015/05/30,574,,stealthcoin,stealthcoin
324,,,,,,,,,,,,,,,,,2015/05/31,433,,stealthcoin,stealthcoin
325,,,,,,,,,,,,,,,,,2015/06/01,269,,stealthcoin,stealthcoin
326,,,,,,,,,,,,,,,,,2015/06/02,187,,stealthcoin,stealthcoin
327,,,,,,,,,,,,,,,,,2015/06/03,203,,stealthcoin,stealthcoin
328,,,,,,,,,,,,,,,,,2015/06/04,154,,stealthcoin,stealthcoin
329,,,,,,,,,,,,,,,,,2015/06/05,123,,stealthcoin,stealthcoin
330,,,,,,,,,,,,,,,,,2015/06/06,200,,stealthcoin,stealthcoin
331,,,,,,,,,,,,,,,,,2015/06/07,260,,stealthcoin,stealthcoin
332,,,,,,,,,,,,,,,,,2015/06/08,356,,stealthcoin,stealthcoin
333,,,,,,,,,,,,,,,,,2015/06/09,943,,stealthcoin,stealthcoin
334,,,,,,,,,,,,,,,,,2015/06/10,213,,stealthcoin,stealthcoin
335,,,,,,,,,,,,,,,,,2015/06/11,286,,stealthcoin,stealthcoin
336,,,,,,,,,,,,,,,,,2015/06/12,173,,stealthcoin,stealthcoin
337,,,,,,,,,,,,,,,,,2015/06/13,340,,stealthcoin,stealthcoin
338,,,,,,,,,,,,,,,,,2015/06/14,140,,stealthcoin,stealthcoin
339,,,,,,,,,,,,,,,,,2015/06/15,381,,stealthcoin,stealthcoin
340,,,,,,,,,,,,,,,,,2015/06/16,122,,stealthcoin,stealthcoin
341,,,,,,,,,,,,,,,,,2015/06/17,169,,stealthcoin,stealthcoin
342,,,,,,,,,,,,,,,,,2015/06/18,128,,stealthcoin,stealthcoin
343,,,,,,,,,,,,,,,,,2015/06/19,88,,stealthcoin,stealthcoin
344,,,,,,,,,,,,,,,,,2015/06/20,67,,stealthcoin,stealthcoin
345,,,,,,,,,,,,,,,,,2015/06/21,89,,stealthcoin,stealthcoin
346,,,,,,,,,,,,,,,,,2015/06/22,149,,stealthcoin,stealthcoin
347,,,,,,,,,,,,,,,,,2015/06/23,327,,stealthcoin,stealthcoin
348,,,,,,,,,,,,,,,,,2015/06/24,316,,stealthcoin,stealthcoin
349,,,,,,,,,,,,,,,,,2015/06/25,295,,stealthcoin,stealthcoin
350,,,,,,,,,,,,,,,,,2015/06/26,453,,stealthcoin,stealthcoin
351,,,,,,,,,,,,,,,,,2015/06/27,493,,stealthcoin,stealthcoin
352,,,,,,,,,,,,,,,,,2015/06/28,527,,stealthcoin,stealthcoin
353,,,,,,,,,,,,,,,,,2015/06/29,425,,stealthcoin,stealthcoin
354,,,,,,,,,,,,,,,,,2015/06/30,349,,stealthcoin,stealthcoin
355,,,,,,,,,,,,,,,,,2015/07/01,315,,stealthcoin,stealthcoin
356,,,,,,,,,,,,,,,,,2015/07/02,346,,stealthcoin,stealthcoin
357,,,,,,,,,,,,,,,,,2015/07/03,316,,stealthcoin,stealthcoin
358,,,,,,,,,,,,,,,,,2015/07/04,341,,stealthcoin,stealthcoin
359,,,,,,,,,,,,,,,,,2015/07/05,329,,stealthcoin,stealthcoin
360,,,,,,,,,,,,,,,,,2015/07/06,286,,stealthcoin,stealthcoin
361,,,,,,,,,,,,,,,,,2015/07/07,328,,stealthcoin,stealthcoin
362,,,,,,,,,,,,,,,,,2015/07/08,400,,stealthcoin,stealthcoin
363,,,,,,,,,,,,,,,,,2015/07/09,489,,stealthcoin,stealthcoin
364,,,,,,,,,,,,,,,,,2015/07/10,263,,stealthcoin,stealthcoin
365,,,,,,,,,,,,,,,,,2015/07/11,122,,stealthcoin,stealthcoin
366,,,,,,,,,,,,,,,,,2015/07/12,140,,stealthcoin,stealthcoin
367,,,,,,,,,,,,,,,,,2015/07/13,122,,stealthcoin,stealthcoin
368,,,,,,,,,,,,,,,,,2015/07/14,98,,stealthcoin,stealthcoin
369,,,,,,,,,,,,,,,,,2015/07/15,163,,stealthcoin,stealthcoin
370,,,,,,,,,,,,,,,,,2015/07/16,131,,stealthcoin,stealthcoin
371,,,,,,,,,,,,,,,,,2015/07/17,229,,stealthcoin,stealthcoin
372,,,,,,,,,,,,,,,,,2015/07/18,193,,stealthcoin,stealthcoin
373,,,,,,,,,,,,,,,,,2015/07/19,213,,stealthcoin,stealthcoin
374,,,,,,,,,,,,,,,,,2015/07/20,207,,stealthcoin,stealthcoin
375,,,,,,,,,,,,,,,,,2015/07/21,173,,stealthcoin,stealthcoin
376,,,,,,,,,,,,,,,,,2015/07/22,190,,stealthcoin,stealthcoin
377,,,,,,,,,,,,,,,,,2015/07/23,284,,stealthcoin,stealthcoin
378,,,,,,,,,,,,,,,,,2015/07/24,162,,stealthcoin,stealthcoin
379,,,,,,,,,,,,,,,,,2015/07/25,220,,stealthcoin,stealthcoin
380,,,,,,,,,,,,,,,,,2015/07/26,178,,stealthcoin,stealthcoin
381,,,,,,,,,,,,,,,,,2015/07/27,98,,stealthcoin,stealthcoin
382,,,,,,,,,,,,,,,,,2015/07/28,5,,stealthcoin,stealthcoin
383,,,,,,,,,,,,,,,,,2015/07/29,2,,stealthcoin,stealthcoin
384,,,,,,,,,,,,,,,,,2015/07/30,1,,stealthcoin,stealthcoin
385,,,,,,,,,,,,,,,,,2015/07/31,2,,stealthcoin,stealthcoin
386,,,,,,,,,,,,,,,,,2015/08/01,367,,stealthcoin,stealthcoin
387,,,,,,,,,,,,,,,,,2015/08/02,215,,stealthcoin,stealthcoin
388,,,,,,,,,,,,,,,,,2015/08/03,213,,stealthcoin,stealthcoin
389,,,,,,,,,,,,,,,,,2015/08/04,63,,stealthcoin,stealthcoin
390,,,,,,,,,,,,,,,,,2015/08/05,null,,stealthcoin,stealthcoin
391,,,,,,,,,,,,,,,,,2015/08/06,null,,stealthcoin,stealthcoin
392,,,,,,,,,,,,,,,,,2015/08/07,null,,stealthcoin,stealthcoin
393,,,,,,,,,,,,,,,,,2015/08/08,4,,stealthcoin,stealthcoin
394,,,,,,,,,,,,,,,,,2015/08/09,1,,stealthcoin,stealthcoin
395,,,,,,,,,,,,,,,,,2015/08/10,null,,stealthcoin,stealthcoin
396,,,,,,,,,,,,,,,,,2015/08/11,null,,stealthcoin,stealthcoin
397,,,,,,,,,,,,,,,,,2015/08/12,null,,stealthcoin,stealthcoin
398,,,,,,,,,,,,,,,,,2015/08/13,null,,stealthcoin,stealthcoin
399,,,,,,,,,,,,,,,,,2015/08/14,1,,stealthcoin,stealthcoin
400,,,,,,,,,,,,,,,,,2015/08/15,2,,stealthcoin,stealthcoin
401,,,,,,,,,,,,,,,,,2015/08/16,null,,stealthcoin,stealthcoin
402,,,,,,,,,,,,,,,,,2015/08/17,null,,stealthcoin,stealthcoin
403,,,,,,,,,,,,,,,,,2015/08/18,2,,stealthcoin,stealthcoin
404,,,,,,,,,,,,,,,,,2015/08/19,null,,stealthcoin,stealthcoin
405,,,,,,,,,,,,,,,,,2015/08/20,null,,stealthcoin,stealthcoin
406,,,,,,,,,,,,,,,,,2015/08/21,1,,stealthcoin,stealthcoin
407,,,,,,,,,,,,,,,,,2015/08/22,null,,stealthcoin,stealthcoin
408,,,,,,,,,,,,,,,,,2015/08/23,1,,stealthcoin,stealthcoin
409,,,,,,,,,,,,,,,,,2015/08/24,null,,stealthcoin,stealthcoin
410,,,,,,,,,,,,,,,,,2015/08/25,null,,stealthcoin,stealthcoin
411,,,,,,,,,,,,,,,,,2015/08/26,2,,stealthcoin,stealthcoin
412,,,,,,,,,,,,,,,,,2015/08/27,null,,stealthcoin,stealthcoin
413,,,,,,,,,,,,,,,,,2015/08/28,null,,stealthcoin,stealthcoin
414,,,,,,,,,,,,,,,,,2015/08/29,2,,stealthcoin,stealthcoin
415,,,,,,,,,,,,,,,,,2015/08/30,null,,stealthcoin,stealthcoin
416,,,,,,,,,,,,,,,,,2015/08/31,null,,stealthcoin,stealthcoin
417,,,,,,,,,,,,,,,,,2015/09/01,null,,stealthcoin,stealthcoin
418,,,,,,,,,,,,,,,,,2015/09/02,1,,stealthcoin,stealthcoin
419,,,,,,,,,,,,,,,,,2015/09/03,null,,stealthcoin,stealthcoin
420,,,,,,,,,,,,,,,,,2015/09/04,4,,stealthcoin,stealthcoin
421,,,,,,,,,,,,,,,,,2015/09/05,4,,stealthcoin,stealthcoin
422,,,,,,,,,,,,,,,,,2015/09/06,1,,stealthcoin,stealthcoin
423,,,,,,,,,,,,,,,,,2015/09/07,null,,stealthcoin,stealthcoin
424,,,,,,,,,,,,,,,,,2015/09/08,null,,stealthcoin,stealthcoin
425,,,,,,,,,,,,,,,,,2015/09/09,null,,stealthcoin,stealthcoin
426,,,,,,,,,,,,,,,,,2015/09/10,null,,stealthcoin,stealthcoin
427,,,,,,,,,,,,,,,,,2015/09/11,null,,stealthcoin,stealthcoin
428,,,,,,,,,,,,,,,,,2015/09/12,null,,stealthcoin,stealthcoin
429,,,,,,,,,,,,,,,,,2015/09/13,2,,stealthcoin,stealthcoin
430,,,,,,,,,,,,,,,,,2015/09/14,null,,stealthcoin,stealthcoin
431,,,,,,,,,,,,,,,,,2015/09/15,null,,stealthcoin,stealthcoin
432,,,,,,,,,,,,,,,,,2015/09/16,null,,stealthcoin,stealthcoin
433,,,,,,,,,,,,,,,,,2015/09/17,null,,stealthcoin,stealthcoin
434,,,,,,,,,,,,,,,,,2015/09/18,1,,stealthcoin,stealthcoin
435,,,,,,,,,,,,,,,,,2015/09/19,1,,stealthcoin,stealthcoin
436,,,,,,,,,,,,,,,,,2015/09/20,null,,stealthcoin,stealthcoin
437,,,,,,,,,,,,,,,,,2015/09/21,1,,stealthcoin,stealthcoin
438,,,,,,,,,,,,,,,,,2015/09/22,1,,stealthcoin,stealthcoin
439,,,,,,,,,,,,,,,,,2015/09/23,null,,stealthcoin,stealthcoin
440,,,,,,,,,,,,,,,,,2015/09/24,null,,stealthcoin,stealthcoin
441,,,,,,,,,,,,,,,,,2015/09/25,1,,stealthcoin,stealthcoin
442,,,,,,,,,,,,,,,,,2015/09/26,2,,stealthcoin,stealthcoin
443,,,,,,,,,,,,,,,,,2015/09/27,null,,stealthcoin,stealthcoin
444,,,,,,,,,,,,,,,,,2015/09/28,null,,stealthcoin,stealthcoin
445,,,,,,,,,,,,,,,,,2015/09/29,1,,stealthcoin,stealthcoin
446,,,,,,,,,,,,,,,,,2015/09/30,3,,stealthcoin,stealthcoin
447,,,,,,,,,,,,,,,,,2015/10/01,null,,stealthcoin,stealthcoin
448,,,,,,,,,,,,,,,,,2015/10/02,null,,stealthcoin,stealthcoin
449,,,,,,,,,,,,,,,,,2015/10/03,1,,stealthcoin,stealthcoin
450,,,,,,,,,,,,,,,,,2015/10/04,null,,stealthcoin,stealthcoin
451,,,,,,,,,,,,,,,,,2015/10/05,1,,stealthcoin,stealthcoin
452,,,,,,,,,,,,,,,,,2015/10/06,2,,stealthcoin,stealthcoin
453,,,,,,,,,,,,,,,,,2015/10/07,1,,stealthcoin,stealthcoin
454,,,,,,,,,,,,,,,,,2015/10/08,null,,stealthcoin,stealthcoin
455,,,,,,,,,,,,,,,,,2015/10/09,1,,stealthcoin,stealthcoin
456,,,,,,,,,,,,,,,,,2015/10/10,2,,stealthcoin,stealthcoin
457,,,,,,,,,,,,,,,,,2015/10/11,null,,stealthcoin,stealthcoin
458,,,,,,,,,,,,,,,,,2015/10/12,null,,stealthcoin,stealthcoin
459,,,,,,,,,,,,,,,,,2015/10/13,null,,stealthcoin,stealthcoin
460,,,,,,,,,,,,,,,,,2015/10/14,null,,stealthcoin,stealthcoin
461,,,,,,,,,,,,,,,,,2015/10/15,null,,stealthcoin,stealthcoin
462,,,,,,,,,,,,,,,,,2015/10/16,null,,stealthcoin,stealthcoin
463,,,,,,,,,,,,,,,,,2015/10/17,2,,stealthcoin,stealthcoin
464,,,,,,,,,,,,,,,,,2015/10/18,null,,stealthcoin,stealthcoin
465,,,,,,,,,,,,,,,,,2015/10/19,1,,stealthcoin,stealthcoin
466,,,,,,,,,,,,,,,,,2015/10/20,1,,stealthcoin,stealthcoin
467,,,,,,,,,,,,,,,,,2015/10/21,null,,stealthcoin,stealthcoin
468,,,,,,,,,,,,,,,,,2015/10/22,null,,stealthcoin,stealthcoin
469,,,,,,,,,,,,,,,,,2015/10/23,null,,stealthcoin,stealthcoin
470,,,,,,,,,,,,,,,,,2015/10/24,null,,stealthcoin,stealthcoin
471,,,,,,,,,,,,,,,,,2015/10/25,null,,stealthcoin,stealthcoin
472,,,,,,,,,,,,,,,,,2015/10/26,null,,stealthcoin,stealthcoin
473,,,,,,,,,,,,,,,,,2015/10/27,null,,stealthcoin,stealthcoin
474,,,,,,,,,,,,,,,,,2015/10/28,2,,stealthcoin,stealthcoin
475,,,,,,,,,,,,,,,,,2015/10/29,null,,stealthcoin,stealthcoin
476,,,,,,,,,,,,,,,,,2015/10/30,2,,stealthcoin,stealthcoin
477,,,,,,,,,,,,,,,,,2015/10/31,null,,stealthcoin,stealthcoin
478,,,,,,,,,,,,,,,,,2015/11/01,null,,stealthcoin,stealthcoin
479,,,,,,,,,,,,,,,,,2015/11/02,2,,stealthcoin,stealthcoin
480,,,,,,,,,,,,,,,,,2015/11/03,null,,stealthcoin,stealthcoin
481,,,,,,,,,,,,,,,,,2015/11/04,null,,stealthcoin,stealthcoin
482,,,,,,,,,,,,,,,,,2015/11/05,2,,stealthcoin,stealthcoin
483,,,,,,,,,,,,,,,,,2015/11/06,2,,stealthcoin,stealthcoin
484,,,,,,,,,,,,,,,,,2015/11/07,null,,stealthcoin,stealthcoin
485,,,,,,,,,,,,,,,,,2015/11/08,null,,stealthcoin,stealthcoin
486,,,,,,,,,,,,,,,,,2015/11/09,null,,stealthcoin,stealthcoin
487,,,,,,,,,,,,,,,,,2015/11/10,2,,stealthcoin,stealthcoin
488,,,,,,,,,,,,,,,,,2015/11/11,1,,stealthcoin,stealthcoin
489,,,,,,,,,,,,,,,,,2015/11/12,null,,stealthcoin,stealthcoin
490,,,,,,,,,,,,,,,,,2015/11/13,null,,stealthcoin,stealthcoin
491,,,,,,,,,,,,,,,,,2015/11/14,2,,stealthcoin,stealthcoin
492,,,,,,,,,,,,,,,,,2015/11/15,1,,stealthcoin,stealthcoin
493,,,,,,,,,,,,,,,,,2015/11/16,null,,stealthcoin,stealthcoin
494,,,,,,,,,,,,,,,,,2015/11/17,1,,stealthcoin,stealthcoin
495,,,,,,,,,,,,,,,,,2015/11/18,null,,stealthcoin,stealthcoin
496,,,,,,,,,,,,,,,,,2015/11/19,1,,stealthcoin,stealthcoin
497,,,,,,,,,,,,,,,,,2015/11/20,7,,stealthcoin,stealthcoin
498,,,,,,,,,,,,,,,,,2015/11/21,null,,stealthcoin,stealthcoin
499,,,,,,,,,,,,,,,,,2015/11/22,1,,stealthcoin,stealthcoin
500,,,,,,,,,,,,,,,,,2015/11/23,null,,stealthcoin,stealthcoin
501,,,,,,,,,,,,,,,,,2015/11/24,4,,stealthcoin,stealthcoin
502,,,,,,,,,,,,,,,,,2015/11/25,2,,stealthcoin,stealthcoin
503,,,,,,,,,,,,,,,,,2015/11/26,null,,stealthcoin,stealthcoin
504,,,,,,,,,,,,,,,,,2015/11/27,1,,stealthcoin,stealthcoin
505,,,,,,,,,,,,,,,,,2015/11/28,6,,stealthcoin,stealthcoin
506,,,,,,,,,,,,,,,,,2015/11/29,3,,stealthcoin,stealthcoin
507,,,,,,,,,,,,,,,,,2015/11/30,5,,stealthcoin,stealthcoin
508,,,,,,,,,,,,,,,,,2015/12/01,2,,stealthcoin,stealthcoin
509,,,,,,,,,,,,,,,,,2015/12/02,null,,stealthcoin,stealthcoin
510,,,,,,,,,,,,,,,,,2015/12/03,4,,stealthcoin,stealthcoin
511,,,,,,,,,,,,,,,,,2015/12/04,2,,stealthcoin,stealthcoin
512,,,,,,,,,,,,,,,,,2015/12/05,2,,stealthcoin,stealthcoin
513,,,,,,,,,,,,,,,,,2015/12/06,null,,stealthcoin,stealthcoin
514,,,,,,,,,,,,,,,,,2015/12/07,4,,stealthcoin,stealthcoin
515,,,,,,,,,,,,,,,,,2015/12/08,3,,stealthcoin,stealthcoin
516,,,,,,,,,,,,,,,,,2015/12/09,null,,stealthcoin,stealthcoin
517,,,,,,,,,,,,,,,,,2015/12/10,null,,stealthcoin,stealthcoin
518,,,,,,,,,,,,,,,,,2015/12/11,null,,stealthcoin,stealthcoin
519,,,,,,,,,,,,,,,,,2015/12/12,null,,stealthcoin,stealthcoin
520,,,,,,,,,,,,,,,,,2015/12/13,null,,stealthcoin,stealthcoin
521,,,,,,,,,,,,,,,,,2015/12/14,null,,stealthcoin,stealthcoin
522,,,,,,,,,,,,,,,,,2015/12/15,2,,stealthcoin,stealthcoin
523,,,,,,,,,,,,,,,,,2015/12/16,1,,stealthcoin,stealthcoin
524,,,,,,,,,,,,,,,,,2015/12/17,4,,stealthcoin,stealthcoin
525,,,,,,,,,,,,,,,,,2015/12/18,null,,stealthcoin,stealthcoin
526,,,,,,,,,,,,,,,,,2015/12/19,null,,stealthcoin,stealthcoin
527,,,,,,,,,,,,,,,,,2015/12/20,3,,stealthcoin,stealthcoin
528,,,,,,,,,,,,,,,,,2015/12/21,4,,stealthcoin,stealthcoin
529,,,,,,,,,,,,,,,,,2015/12/22,null,,stealthcoin,stealthcoin
530,,,,,,,,,,,,,,,,,2015/12/23,null,,stealthcoin,stealthcoin
531,,,,,,,,,,,,,,,,,2015/12/24,4,,stealthcoin,stealthcoin
532,,,,,,,,,,,,,,,,,2015/12/25,2,,stealthcoin,stealthcoin
533,,,,,,,,,,,,,,,,,2015/12/26,3,,stealthcoin,stealthcoin
534,,,,,,,,,,,,,,,,,2015/12/27,2,,stealthcoin,stealthcoin
535,,,,,,,,,,,,,,,,,2015/12/28,4,,stealthcoin,stealthcoin
536,,,,,,,,,,,,,,,,,2015/12/29,null,,stealthcoin,stealthcoin
537,,,,,,,,,,,,,,,,,2015/12/30,null,,stealthcoin,stealthcoin
538,,,,,,,,,,,,,,,,,2015/12/31,null,,stealthcoin,stealthcoin
539,,,,,,,,,,,,,,,,,2016/01/01,null,,stealthcoin,stealthcoin
540,,,,,,,,,,,,,,,,,2016/01/02,2,,stealthcoin,stealthcoin
541,,,,,,,,,,,,,,,,,2016/01/03,4,,stealthcoin,stealthcoin
542,,,,,,,,,,,,,,,,,2016/01/04,2,,stealthcoin,stealthcoin
543,,,,,,,,,,,,,,,,,2016/01/05,4,,stealthcoin,stealthcoin
544,,,,,,,,,,,,,,,,,2016/01/06,null,,stealthcoin,stealthcoin
545,,,,,,,,,,,,,,,,,2016/01/07,null,,stealthcoin,stealthcoin
546,,,,,,,,,,,,,,,,,2016/01/08,2,,stealthcoin,stealthcoin
547,,,,,,,,,,,,,,,,,2016/01/09,2,,stealthcoin,stealthcoin
548,,,,,,,,,,,,,,,,,2016/01/10,null,,stealthcoin,stealthcoin
549,,,,,,,,,,,,,,,,,2016/01/11,2,,stealthcoin,stealthcoin
550,,,,,,,,,,,,,,,,,2016/01/12,3,,stealthcoin,stealthcoin
551,,,,,,,,,,,,,,,,,2016/01/13,4,,stealthcoin,stealthcoin
552,,,,,,,,,,,,,,,,,2016/01/14,null,,stealthcoin,stealthcoin
553,,,,,,,,,,,,,,,,,2016/01/15,2,,stealthcoin,stealthcoin
554,,,,,,,,,,,,,,,,,2016/01/16,null,,stealthcoin,stealthcoin
555,,,,,,,,,,,,,,,,,2016/01/17,null,,stealthcoin,stealthcoin
556,,,,,,,,,,,,,,,,,2016/01/18,3,,stealthcoin,stealthcoin
557,,,,,,,,,,,,,,,,,2016/01/19,2,,stealthcoin,stealthcoin
558,,,,,,,,,,,,,,,,,2016/01/20,4,,stealthcoin,stealthcoin
559,,,,,,,,,,,,,,,,,2016/01/21,null,,stealthcoin,stealthcoin
560,,,,,,,,,,,,,,,,,2016/01/22,4,,stealthcoin,stealthcoin
561,,,,,,,,,,,,,,,,,2016/01/23,2,,stealthcoin,stealthcoin
562,,,,,,,,,,,,,,,,,2016/01/24,null,,stealthcoin,stealthcoin
563,,,,,,,,,,,,,,,,,2016/01/25,4,,stealthcoin,stealthcoin
564,,,,,,,,,,,,,,,,,2016/01/26,null,,stealthcoin,stealthcoin
565,,,,,,,,,,,,,,,,,2016/01/27,null,,stealthcoin,stealthcoin
566,,,,,,,,,,,,,,,,,2016/01/28,null,,stealthcoin,stealthcoin
567,,,,,,,,,,,,,,,,,2016/01/29,null,,stealthcoin,stealthcoin
568,,,,,,,,,,,,,,,,,2016/01/30,null,,stealthcoin,stealthcoin
569,,,,,,,,,,,,,,,,,2016/01/31,null,,stealthcoin,stealthcoin
570,,,,,,,,,,,,,,,,,2016/02/01,null,,stealthcoin,stealthcoin
571,,,,,,,,,,,,,,,,,2016/02/02,2,,stealthcoin,stealthcoin
572,,,,,,,,,,,,,,,,,2016/02/03,null,,stealthcoin,stealthcoin
573,,,,,,,,,,,,,,,,,2016/02/04,null,,stealthcoin,stealthcoin
574,,,,,,,,,,,,,,,,,2016/02/05,null,,stealthcoin,stealthcoin
575,,,,,,,,,,,,,,,,,2016/02/06,null,,stealthcoin,stealthcoin
576,,,,,,,,,,,,,,,,,2016/02/07,null,,stealthcoin,stealthcoin
577,,,,,,,,,,,,,,,,,2016/02/08,2,,stealthcoin,stealthcoin
578,,,,,,,,,,,,,,,,,2016/02/09,null,,stealthcoin,stealthcoin
579,,,,,,,,,,,,,,,,,2016/02/10,null,,stealthcoin,stealthcoin
580,,,,,,,,,,,,,,,,,2016/02/11,2,,stealthcoin,stealthcoin
581,,,,,,,,,,,,,,,,,2016/02/12,null,,stealthcoin,stealthcoin
582,,,,,,,,,,,,,,,,,2016/02/13,null,,stealthcoin,stealthcoin
583,,,,,,,,,,,,,,,,,2016/02/14,2,,stealthcoin,stealthcoin
584,,,,,,,,,,,,,,,,,2016/02/15,1,,stealthcoin,stealthcoin
585,,,,,,,,,,,,,,,,,2016/02/16,1,,stealthcoin,stealthcoin
586,,,,,,,,,,,,,,,,,2016/02/17,null,,stealthcoin,stealthcoin
587,,,,,,,,,,,,,,,,,2016/02/18,3,,stealthcoin,stealthcoin
588,,,,,,,,,,,,,,,,,2016/02/19,1,,stealthcoin,stealthcoin
589,,,,,,,,,,,,,,,,,2016/02/20,null,,stealthcoin,stealthcoin
590,,,,,,,,,,,,,,,,,2016/02/21,null,,stealthcoin,stealthcoin
591,,,,,,,,,,,,,,,,,2016/02/22,1,,stealthcoin,stealthcoin
592,,,,,,,,,,,,,,,,,2016/02/23,null,,stealthcoin,stealthcoin
593,,,,,,,,,,,,,,,,,2016/02/24,null,,stealthcoin,stealthcoin
594,,,,,,,,,,,,,,,,,2016/02/25,3,,stealthcoin,stealthcoin
595,,,,,,,,,,,,,,,,,2016/02/26,3,,stealthcoin,stealthcoin
596,,,,,,,,,,,,,,,,,2016/02/27,5,,stealthcoin,stealthcoin
597,,,,,,,,,,,,,,,,,2016/02/28,2,,stealthcoin,stealthcoin
598,,,,,,,,,,,,,,,,,2016/02/29,1,,stealthcoin,stealthcoin
599,,,,,,,,,,,,,,,,,2016/03/01,null,,stealthcoin,stealthcoin
600,,,,,,,,,,,,,,,,,2016/03/02,null,,stealthcoin,stealthcoin
601,,,,,,,,,,,,,,,,,2016/03/03,3,,stealthcoin,stealthcoin
602,,,,,,,,,,,,,,,,,2016/03/04,null,,stealthcoin,stealthcoin
603,,,,,,,,,,,,,,,,,2016/03/05,4,,stealthcoin,stealthcoin
604,,,,,,,,,,,,,,,,,2016/03/06,1,,stealthcoin,stealthcoin
605,,,,,,,,,,,,,,,,,2016/03/07,2,,stealthcoin,stealthcoin
606,,,,,,,,,,,,,,,,,2016/03/08,2,,stealthcoin,stealthcoin
607,,,,,,,,,,,,,,,,,2016/03/09,2,,stealthcoin,stealthcoin
608,,,,,,,,,,,,,,,,,2016/03/10,3,,stealthcoin,stealthcoin
609,,,,,,,,,,,,,,,,,2016/03/11,1,,stealthcoin,stealthcoin
610,,,,,,,,,,,,,,,,,2016/03/12,1,,stealthcoin,stealthcoin
611,,,,,,,,,,,,,,,,,2016/03/13,2,,stealthcoin,stealthcoin
612,,,,,,,,,,,,,,,,,2016/03/14,3,,stealthcoin,stealthcoin
613,,,,,,,,,,,,,,,,,2016/03/15,2,,stealthcoin,stealthcoin
614,,,,,,,,,,,,,,,,,2016/03/16,1,,stealthcoin,stealthcoin
615,,,,,,,,,,,,,,,,,2016/03/17,1,,stealthcoin,stealthcoin
616,,,,,,,,,,,,,,,,,2016/03/18,1,,stealthcoin,stealthcoin
617,,,,,,,,,,,,,,,,,2016/03/19,1,,stealthcoin,stealthcoin
618,,,,,,,,,,,,,,,,,2016/03/20,1,,stealthcoin,stealthcoin
619,,,,,,,,,,,,,,,,,2016/03/21,1,,stealthcoin,stealthcoin
620,,,,,,,,,,,,,,,,,2016/03/22,2,,stealthcoin,stealthcoin
621,,,,,,,,,,,,,,,,,2016/03/23,5,,stealthcoin,stealthcoin
622,,,,,,,,,,,,,,,,,2016/03/24,3,,stealthcoin,stealthcoin
623,,,,,,,,,,,,,,,,,2016/03/25,2,,stealthcoin,stealthcoin
624,,,,,,,,,,,,,,,,,2016/03/26,1,,stealthcoin,stealthcoin
625,,,,,,,,,,,,,,,,,2016/03/27,2,,stealthcoin,stealthcoin
626,,,,,,,,,,,,,,,,,2016/03/28,1,,stealthcoin,stealthcoin
627,,,,,,,,,,,,,,,,,2016/03/29,1,,stealthcoin,stealthcoin
628,,,,,,,,,,,,,,,,,2016/03/30,null,,stealthcoin,stealthcoin
629,,,,,,,,,,,,,,,,,2016/03/31,1,,stealthcoin,stealthcoin
630,,,,,,,,,,,,,,,,,2016/04/01,1,,stealthcoin,stealthcoin
631,,,,,,,,,,,,,,,,,2016/04/02,null,,stealthcoin,stealthcoin
632,,,,,,,,,,,,,,,,,2016/04/03,null,,stealthcoin,stealthcoin
633,,,,,,,,,,,,,,,,,2016/04/04,null,,stealthcoin,stealthcoin
634,,,,,,,,,,,,,,,,,2016/04/05,null,,stealthcoin,stealthcoin
635,,,,,,,,,,,,,,,,,2016/04/06,null,,stealthcoin,stealthcoin
636,,,,,,,,,,,,,,,,,2016/04/07,null,,stealthcoin,stealthcoin
637,,,,,,,,,,,,,,,,,2016/04/08,null,,stealthcoin,stealthcoin
638,,,,,,,,,,,,,,,,,2016/04/09,null,,stealthcoin,stealthcoin
639,,,,,,,,,,,,,,,,,2016/04/10,null,,stealthcoin,stealthcoin
640,,,,,,,,,,,,,,,,,2016/04/11,null,,stealthcoin,stealthcoin
641,,,,,,,,,,,,,,,,,2016/04/12,null,,stealthcoin,stealthcoin
642,,,,,,,,,,,,,,,,,2016/04/13,null,,stealthcoin,stealthcoin
643,,,,,,,,,,,,,,,,,2016/04/14,null,,stealthcoin,stealthcoin
644,,,,,,,,,,,,,,,,,2016/04/15,null,,stealthcoin,stealthcoin
645,,,,,,,,,,,,,,,,,2016/04/16,null,,stealthcoin,stealthcoin
646,,,,,,,,,,,,,,,,,2016/04/17,null,,stealthcoin,stealthcoin
647,,,,,,,,,,,,,,,,,2016/04/18,null,,stealthcoin,stealthcoin
648,,,,,,,,,,,,,,,,,2016/04/19,null,,stealthcoin,stealthcoin
649,,,,,,,,,,,,,,,,,2016/04/20,null,,stealthcoin,stealthcoin
650,,,,,,,,,,,,,,,,,2016/04/21,null,,stealthcoin,stealthcoin
651,,,,,,,,,,,,,,,,,2016/04/22,null,,stealthcoin,stealthcoin
652,,,,,,,,,,,,,,,,,2016/04/23,null,,stealthcoin,stealthcoin
653,,,,,,,,,,,,,,,,,2016/04/24,null,,stealthcoin,stealthcoin
654,,,,,,,,,,,,,,,,,2016/04/25,null,,stealthcoin,stealthcoin
655,,,,,,,,,,,,,,,,,2016/04/26,null,,stealthcoin,stealthcoin
656,,,,,,,,,,,,,,,,,2016/04/27,null,,stealthcoin,stealthcoin
657,,,,,,,,,,,,,,,,,2016/04/28,2,,stealthcoin,stealthcoin
658,,,,,,,,,,,,,,,,,2016/04/29,4,,stealthcoin,stealthcoin
659,,,,,,,,,,,,,,,,,2016/04/30,3,,stealthcoin,stealthcoin
660,,,,,,,,,,,,,,,,,2016/05/01,4,,stealthcoin,stealthcoin
661,,,,,,,,,,,,,,,,,2016/05/02,4,,stealthcoin,stealthcoin
662,,,,,,,,,,,,,,,,,2016/05/03,2,,stealthcoin,stealthcoin
663,,,,,,,,,,,,,,,,,2016/05/04,4,,stealthcoin,stealthcoin
664,,,,,,,,,,,,,,,,,2016/05/05,3,,stealthcoin,stealthcoin
665,,,,,,,,,,,,,,,,,2016/05/06,4,,stealthcoin,stealthcoin
666,,,,,,,,,,,,,,,,,2016/05/07,2,,stealthcoin,stealthcoin
667,,,,,,,,,,,,,,,,,2016/05/08,3,,stealthcoin,stealthcoin
668,,,,,,,,,,,,,,,,,2016/05/09,3,,stealthcoin,stealthcoin
669,,,,,,,,,,,,,,,,,2016/05/10,4,,stealthcoin,stealthcoin
670,,,,,,,,,,,,,,,,,2016/05/11,3,,stealthcoin,stealthcoin
671,,,,,,,,,,,,,,,,,2016/05/12,4,,stealthcoin,stealthcoin
672,,,,,,,,,,,,,,,,,2016/05/13,3,,stealthcoin,stealthcoin
673,,,,,,,,,,,,,,,,,2016/05/14,3,,stealthcoin,stealthcoin
674,,,,,,,,,,,,,,,,,2016/05/15,3,,stealthcoin,stealthcoin
675,,,,,,,,,,,,,,,,,2016/05/16,4,,stealthcoin,stealthcoin
676,,,,,,,,,,,,,,,,,2016/05/17,4,,stealthcoin,stealthcoin
677,,,,,,,,,,,,,,,,,2016/05/18,3,,stealthcoin,stealthcoin
678,,,,,,,,,,,,,,,,,2016/05/19,4,,stealthcoin,stealthcoin
679,,,,,,,,,,,,,,,,,2016/05/20,3,,stealthcoin,stealthcoin
680,,,,,,,,,,,,,,,,,2016/05/21,4,,stealthcoin,stealthcoin
681,,,,,,,,,,,,,,,,,2016/05/22,3,,stealthcoin,stealthcoin
682,,,,,,,,,,,,,,,,,2016/05/23,4,,stealthcoin,stealthcoin
683,,,,,,,,,,,,,,,,,2016/05/24,2,,stealthcoin,stealthcoin
684,,,,,,,,,,,,,,,,,2016/05/25,2,,stealthcoin,stealthcoin
685,,,,,,,,,,,,,,,,,2016/05/26,2,,stealthcoin,stealthcoin
686,,,,,,,,,,,,,,,,,2016/05/27,4,,stealthcoin,stealthcoin
687,,,,,,,,,,,,,,,,,2016/05/28,3,,stealthcoin,stealthcoin
688,,,,,,,,,,,,,,,,,2016/05/29,4,,stealthcoin,stealthcoin
689,,,,,,,,,,,,,,,,,2016/05/30,3,,stealthcoin,stealthcoin
690,,,,,,,,,,,,,,,,,2016/05/31,4,,stealthcoin,stealthcoin
691,,,,,,,,,,,,,,,,,2016/06/01,3,,stealthcoin,stealthcoin
692,,,,,,,,,,,,,,,,,2016/06/02,3,,stealthcoin,stealthcoin
693,,,,,,,,,,,,,,,,,2016/06/03,4,,stealthcoin,stealthcoin
694,,,,,,,,,,,,,,,,,2016/06/04,3,,stealthcoin,stealthcoin
695,,,,,,,,,,,,,,,,,2016/06/05,2,,stealthcoin,stealthcoin
696,,,,,,,,,,,,,,,,,2016/06/06,3,,stealthcoin,stealthcoin
697,,,,,,,,,,,,,,,,,2016/06/07,3,,stealthcoin,stealthcoin
698,,,,,,,,,,,,,,,,,2016/06/08,4,,stealthcoin,stealthcoin
699,,,,,,,,,,,,,,,,,2016/06/09,3,,stealthcoin,stealthcoin
700,,,,,,,,,,,,,,,,,2016/06/10,4,,stealthcoin,stealthcoin
701,,,,,,,,,,,,,,,,,2016/06/11,5,,stealthcoin,stealthcoin
702,,,,,,,,,,,,,,,,,2016/06/12,3,,stealthcoin,stealthcoin
703,,,,,,,,,,,,,,,,,2016/06/13,3,,stealthcoin,stealthcoin
704,,,,,,,,,,,,,,,,,2016/06/14,3,,stealthcoin,stealthcoin
705,,,,,,,,,,,,,,,,,2016/06/15,2,,stealthcoin,stealthcoin
706,,,,,,,,,,,,,,,,,2016/06/16,4,,stealthcoin,stealthcoin
707,,,,,,,,,,,,,,,,,2016/06/17,3,,stealthcoin,stealthcoin
708,,,,,,,,,,,,,,,,,2016/06/18,4,,stealthcoin,stealthcoin
709,,,,,,,,,,,,,,,,,2016/06/19,3,,stealthcoin,stealthcoin
710,,,,,,,,,,,,,,,,,2016/06/20,4,,stealthcoin,stealthcoin
711,,,,,,,,,,,,,,,,,2016/06/21,3,,stealthcoin,stealthcoin
712,,,,,,,,,,,,,,,,,2016/06/22,2,,stealthcoin,stealthcoin
713,,,,,,,,,,,,,,,,,2016/06/23,1,,stealthcoin,stealthcoin
714,,,,,,,,,,,,,,,,,2016/06/24,3,,stealthcoin,stealthcoin
715,,,,,,,,,,,,,,,,,2016/06/25,3,,stealthcoin,stealthcoin
716,,,,,,,,,,,,,,,,,2016/06/26,3,,stealthcoin,stealthcoin
717,,,,,,,,,,,,,,,,,2016/06/27,3,,stealthcoin,stealthcoin
718,,,,,,,,,,,,,,,,,2016/06/28,4,,stealthcoin,stealthcoin
719,,,,,,,,,,,,,,,,,2016/06/29,2,,stealthcoin,stealthcoin
720,,,,,,,,,,,,,,,,,2016/06/30,3,,stealthcoin,stealthcoin
721,,,,,,,,,,,,,,,,,2016/07/01,3,,stealthcoin,stealthcoin
722,,,,,,,,,,,,,,,,,2016/07/02,3,,stealthcoin,stealthcoin
723,,,,,,,,,,,,,,,,,2016/07/03,3,,stealthcoin,stealthcoin
724,,,,,,,,,,,,,,,,,2016/07/04,3,,stealthcoin,stealthcoin
725,,,,,,,,,,,,,,,,,2016/07/05,3,,stealthcoin,stealthcoin
726,,,,,,,,,,,,,,,,,2016/07/06,2,,stealthcoin,stealthcoin
727,,,,,,,,,,,,,,,,,2016/07/07,2,,stealthcoin,stealthcoin
728,,,,,,,,,,,,,,,,,2016/07/08,2,,stealthcoin,stealthcoin
729,,,,,,,,,,,,,,,,,2016/07/09,3,,stealthcoin,stealthcoin
730,,,,,,,,,,,,,,,,,2016/07/10,3,,stealthcoin,stealthcoin
731,,,,,,,,,,,,,,,,,2016/07/11,3,,stealthcoin,stealthcoin
732,,,,,,,,,,,,,,,,,2016/07/12,4,,stealthcoin,stealthcoin
733,,,,,,,,,,,,,,,,,2016/07/13,4,,stealthcoin,stealthcoin
734,,,,,,,,,,,,,,,,,2016/07/14,4,,stealthcoin,stealthcoin
735,,,,,,,,,,,,,,,,,2016/07/15,2,,stealthcoin,stealthcoin
736,,,,,,,,,,,,,,,,,2016/07/16,3,,stealthcoin,stealthcoin
737,,,,,,,,,,,,,,,,,2016/07/17,3,,stealthcoin,stealthcoin
738,,,,,,,,,,,,,,,,,2016/07/18,3,,stealthcoin,stealthcoin
739,,,,,,,,,,,,,,,,,2016/07/19,3,,stealthcoin,stealthcoin
740,,,,,,,,,,,,,,,,,2016/07/20,5,,stealthcoin,stealthcoin
741,,,,,,,,,,,,,,,,,2016/07/21,3,,stealthcoin,stealthcoin
742,,,,,,,,,,,,,,,,,2016/07/22,4,,stealthcoin,stealthcoin
743,,,,,,,,,,,,,,,,,2016/07/23,4,,stealthcoin,stealthcoin
744,,,,,,,,,,,,,,,,,2016/07/24,2,,stealthcoin,stealthcoin
745,,,,,,,,,,,,,,,,,2016/07/25,4,,stealthcoin,stealthcoin
746,,,,,,,,,,,,,,,,,2016/07/26,5,,stealthcoin,stealthcoin
747,,,,,,,,,,,,,,,,,2016/07/27,3,,stealthcoin,stealthcoin
748,,,,,,,,,,,,,,,,,2016/07/28,3,,stealthcoin,stealthcoin
749,,,,,,,,,,,,,,,,,2016/07/29,5,,stealthcoin,stealthcoin
750,,,,,,,,,,,,,,,,,2016/07/30,4,,stealthcoin,stealthcoin
751,,,,,,,,,,,,,,,,,2016/07/31,3,,stealthcoin,stealthcoin
752,,,,,,,,,,,,,,,,,2016/08/01,3,,stealthcoin,stealthcoin
753,,,,,,,,,,,,,,,,,2016/08/02,2,,stealthcoin,stealthcoin
754,,,,,,,,,,,,,,,,,2016/08/03,null,,stealthcoin,stealthcoin
755,,,,,,,,,,,,,,,,,2016/08/04,3,,stealthcoin,stealthcoin
756,,,,,,,,,,,,,,,,,2016/08/05,2,,stealthcoin,stealthcoin
757,,,,,,,,,,,,,,,,,2016/08/06,3,,stealthcoin,stealthcoin
758,,,,,,,,,,,,,,,,,2016/08/07,4,,stealthcoin,stealthcoin
759,,,,,,,,,,,,,,,,,2016/08/08,3,,stealthcoin,stealthcoin
760,,,,,,,,,,,,,,,,,2016/08/09,4,,stealthcoin,stealthcoin
761,,,,,,,,,,,,,,,,,2016/08/10,3,,stealthcoin,stealthcoin
762,,,,,,,,,,,,,,,,,2016/08/11,3,,stealthcoin,stealthcoin
763,,,,,,,,,,,,,,,,,2016/08/12,3,,stealthcoin,stealthcoin
764,,,,,,,,,,,,,,,,,2016/08/13,3,,stealthcoin,stealthcoin
765,,,,,,,,,,,,,,,,,2016/08/14,3,,stealthcoin,stealthcoin
766,,,,,,,,,,,,,,,,,2016/08/15,6,,stealthcoin,stealthcoin
767,,,,,,,,,,,,,,,,,2016/08/16,3,,stealthcoin,stealthcoin
768,,,,,,,,,,,,,,,,,2016/08/17,3,,stealthcoin,stealthcoin
769,,,,,,,,,,,,,,,,,2016/08/18,3,,stealthcoin,stealthcoin
770,,,,,,,,,,,,,,,,,2016/08/19,2,,stealthcoin,stealthcoin
771,,,,,,,,,,,,,,,,,2016/08/20,5,,stealthcoin,stealthcoin
772,,,,,,,,,,,,,,,,,2016/08/21,null,,stealthcoin,stealthcoin
773,,,,,,,,,,,,,,,,,2016/08/22,1,,stealthcoin,stealthcoin
774,,,,,,,,,,,,,,,,,2016/08/23,null,,stealthcoin,stealthcoin
775,,,,,,,,,,,,,,,,,2016/08/24,3,,stealthcoin,stealthcoin
776,,,,,,,,,,,,,,,,,2016/08/25,6,,stealthcoin,stealthcoin
777,,,,,,,,,,,,,,,,,2016/08/26,2,,stealthcoin,stealthcoin
778,,,,,,,,,,,,,,,,,2016/08/27,5,,stealthcoin,stealthcoin
779,,,,,,,,,,,,,,,,,2016/08/28,2,,stealthcoin,stealthcoin
780,,,,,,,,,,,,,,,,,2016/08/29,4,,stealthcoin,stealthcoin
781,,,,,,,,,,,,,,,,,2016/08/30,3,,stealthcoin,stealthcoin
782,,,,,,,,,,,,,,,,,2016/08/31,1,,stealthcoin,stealthcoin
783,,,,,,,,,,,,,,,,,2016/09/01,1,,stealthcoin,stealthcoin
784,,,,,,,,,,,,,,,,,2016/09/02,4,,stealthcoin,stealthcoin
785,,,,,,,,,,,,,,,,,2016/09/03,4,,stealthcoin,stealthcoin
786,,,,,,,,,,,,,,,,,2016/09/04,4,,stealthcoin,stealthcoin
787,,,,,,,,,,,,,,,,,2016/09/05,3,,stealthcoin,stealthcoin
788,,,,,,,,,,,,,,,,,2016/09/06,16,,stealthcoin,stealthcoin
789,,,,,,,,,,,,,,,,,2016/09/07,17,,stealthcoin,stealthcoin
790,,,,,,,,,,,,,,,,,2016/09/08,5,,stealthcoin,stealthcoin
791,,,,,,,,,,,,,,,,,2016/09/09,5,,stealthcoin,stealthcoin
792,,,,,,,,,,,,,,,,,2016/09/10,18,,stealthcoin,stealthcoin
793,,,,,,,,,,,,,,,,,2016/09/11,5,,stealthcoin,stealthcoin
794,,,,,,,,,,,,,,,,,2016/09/12,4,,stealthcoin,stealthcoin
795,,,,,,,,,,,,,,,,,2016/09/13,15,,stealthcoin,stealthcoin
796,,,,,,,,,,,,,,,,,2016/09/14,3,,stealthcoin,stealthcoin
797,,,,,,,,,,,,,,,,,2016/09/15,2,,stealthcoin,stealthcoin
798,,,,,,,,,,,,,,,,,2016/09/16,9,,stealthcoin,stealthcoin
799,,,,,,,,,,,,,,,,,2016/09/17,11,,stealthcoin,stealthcoin
800,,,,,,,,,,,,,,,,,2016/09/18,11,,stealthcoin,stealthcoin
801,,,,,,,,,,,,,,,,,2016/09/19,4,,stealthcoin,stealthcoin
802,,,,,,,,,,,,,,,,,2016/09/20,6,,stealthcoin,stealthcoin
803,,,,,,,,,,,,,,,,,2016/09/21,2,,stealthcoin,stealthcoin
804,,,,,,,,,,,,,,,,,2016/09/22,2,,stealthcoin,stealthcoin
805,,,,,,,,,,,,,,,,,2016/09/23,4,,stealthcoin,stealthcoin
806,,,,,,,,,,,,,,,,,2016/09/24,3,,stealthcoin,stealthcoin
807,,,,,,,,,,,,,,,,,2016/09/25,3,,stealthcoin,stealthcoin
808,,,,,,,,,,,,,,,,,2016/09/26,6,,stealthcoin,stealthcoin
809,,,,,,,,,,,,,,,,,2016/09/27,4,,stealthcoin,stealthcoin
810,,,,,,,,,,,,,,,,,2016/09/28,5,,stealthcoin,stealthcoin
811,,,,,,,,,,,,,,,,,2016/09/29,5,,stealthcoin,stealthcoin
812,,,,,,,,,,,,,,,,,2016/09/30,4,,stealthcoin,stealthcoin
813,,,,,,,,,,,,,,,,,2016/10/01,8,,stealthcoin,stealthcoin
814,,,,,,,,,,,,,,,,,2016/10/02,5,,stealthcoin,stealthcoin
815,,,,,,,,,,,,,,,,,2016/10/03,3,,stealthcoin,stealthcoin
816,,,,,,,,,,,,,,,,,2016/10/04,7,,stealthcoin,stealthcoin
817,,,,,,,,,,,,,,,,,2016/10/05,6,,stealthcoin,stealthcoin
818,,,,,,,,,,,,,,,,,2016/10/06,5,,stealthcoin,stealthcoin
819,,,,,,,,,,,,,,,,,2016/10/07,3,,stealthcoin,stealthcoin
820,,,,,,,,,,,,,,,,,2016/10/08,null,,stealthcoin,stealthcoin
821,,,,,,,,,,,,,,,,,2016/10/09,7,,stealthcoin,stealthcoin
822,,,,,,,,,,,,,,,,,2016/10/10,4,,stealthcoin,stealthcoin
823,,,,,,,,,,,,,,,,,2016/10/11,5,,stealthcoin,stealthcoin
824,,,,,,,,,,,,,,,,,2016/10/12,4,,stealthcoin,stealthcoin
825,,,,,,,,,,,,,,,,,2016/10/13,6,,stealthcoin,stealthcoin
826,,,,,,,,,,,,,,,,,2016/10/14,6,,stealthcoin,stealthcoin
827,,,,,,,,,,,,,,,,,2016/10/15,6,,stealthcoin,stealthcoin
828,,,,,,,,,,,,,,,,,2016/10/16,7,,stealthcoin,stealthcoin
829,,,,,,,,,,,,,,,,,2016/10/17,3,,stealthcoin,stealthcoin
830,,,,,,,,,,,,,,,,,2016/10/18,3,,stealthcoin,stealthcoin
831,,,,,,,,,,,,,,,,,2016/10/19,5,,stealthcoin,stealthcoin
832,,,,,,,,,,,,,,,,,2016/10/20,5,,stealthcoin,stealthcoin
833,,,,,,,,,,,,,,,,,2016/10/21,2,,stealthcoin,stealthcoin
834,,,,,,,,,,,,,,,,,2016/10/22,6,,stealthcoin,stealthcoin
835,,,,,,,,,,,,,,,,,2016/10/23,5,,stealthcoin,stealthcoin
836,,,,,,,,,,,,,,,,,2016/10/24,5,,stealthcoin,stealthcoin
837,,,,,,,,,,,,,,,,,2016/10/25,2,,stealthcoin,stealthcoin
838,,,,,,,,,,,,,,,,,2016/10/26,2,,stealthcoin,stealthcoin
839,,,,,,,,,,,,,,,,,2016/10/27,4,,stealthcoin,stealthcoin
840,,,,,,,,,,,,,,,,,2016/10/28,3,,stealthcoin,stealthcoin
841,,,,,,,,,,,,,,,,,2016/10/29,1,,stealthcoin,stealthcoin
842,,,,,,,,,,,,,,,,,2016/10/30,2,,stealthcoin,stealthcoin
843,,,,,,,,,,,,,,,,,2016/10/31,6,,stealthcoin,stealthcoin
844,,,,,,,,,,,,,,,,,2016/11/01,4,,stealthcoin,stealthcoin
845,,,,,,,,,,,,,,,,,2016/11/02,4,,stealthcoin,stealthcoin
846,,,,,,,,,,,,,,,,,2016/11/03,3,,stealthcoin,stealthcoin
847,,,,,,,,,,,,,,,,,2016/11/04,1,,stealthcoin,stealthcoin
848,,,,,,,,,,,,,,,,,2016/11/05,2,,stealthcoin,stealthcoin
849,,,,,,,,,,,,,,,,,2016/11/06,4,,stealthcoin,stealthcoin
850,,,,,,,,,,,,,,,,,2016/11/07,1,,stealthcoin,stealthcoin
851,,,,,,,,,,,,,,,,,2016/11/08,1,,stealthcoin,stealthcoin
852,,,,,,,,,,,,,,,,,2016/11/09,3,,stealthcoin,stealthcoin
853,,,,,,,,,,,,,,,,,2016/11/10,2,,stealthcoin,stealthcoin
854,,,,,,,,,,,,,,,,,2016/11/11,3,,stealthcoin,stealthcoin
855,,,,,,,,,,,,,,,,,2016/11/12,1,,stealthcoin,stealthcoin
856,,,,,,,,,,,,,,,,,2016/11/13,2,,stealthcoin,stealthcoin
857,,,,,,,,,,,,,,,,,2016/11/14,3,,stealthcoin,stealthcoin
858,,,,,,,,,,,,,,,,,2016/11/15,4,,stealthcoin,stealthcoin
859,,,,,,,,,,,,,,,,,2016/11/16,2,,stealthcoin,stealthcoin
860,,,,,,,,,,,,,,,,,2016/11/17,4,,stealthcoin,stealthcoin
861,,,,,,,,,,,,,,,,,2016/11/18,3,,stealthcoin,stealthcoin
862,,,,,,,,,,,,,,,,,2016/11/19,3,,stealthcoin,stealthcoin
863,,,,,,,,,,,,,,,,,2016/11/20,3,,stealthcoin,stealthcoin
864,,,,,,,,,,,,,,,,,2016/11/21,3,,stealthcoin,stealthcoin
865,,,,,,,,,,,,,,,,,2016/11/22,2,,stealthcoin,stealthcoin
866,,,,,,,,,,,,,,,,,2016/11/23,1,,stealthcoin,stealthcoin
867,,,,,,,,,,,,,,,,,2016/11/24,3,,stealthcoin,stealthcoin
868,,,,,,,,,,,,,,,,,2016/11/25,3,,stealthcoin,stealthcoin
869,,,,,,,,,,,,,,,,,2016/11/26,2,,stealthcoin,stealthcoin
870,,,,,,,,,,,,,,,,,2016/11/27,1,,stealthcoin,stealthcoin
871,,,,,,,,,,,,,,,,,2016/11/28,2,,stealthcoin,stealthcoin
872,,,,,,,,,,,,,,,,,2016/11/29,3,,stealthcoin,stealthcoin
873,,,,,,,,,,,,,,,,,2016/11/30,2,,stealthcoin,stealthcoin
874,,,,,,,,,,,,,,,,,2016/12/01,5,,stealthcoin,stealthcoin
875,,,,,,,,,,,,,,,,,2016/12/02,3,,stealthcoin,stealthcoin
876,,,,,,,,,,,,,,,,,2016/12/03,3,,stealthcoin,stealthcoin
877,,,,,,,,,,,,,,,,,2016/12/04,3,,stealthcoin,stealthcoin
878,,,,,,,,,,,,,,,,,2016/12/05,1,,stealthcoin,stealthcoin
879,,,,,,,,,,,,,,,,,2016/12/06,3,,stealthcoin,stealthcoin
880,,,,,,,,,,,,,,,,,2016/12/07,5,,stealthcoin,stealthcoin
881,,,,,,,,,,,,,,,,,2016/12/08,4,,stealthcoin,stealthcoin
882,,,,,,,,,,,,,,,,,2016/12/09,1,,stealthcoin,stealthcoin
883,,,,,,,,,,,,,,,,,2016/12/10,2,,stealthcoin,stealthcoin
884,,,,,,,,,,,,,,,,,2016/12/11,2,,stealthcoin,stealthcoin
885,,,,,,,,,,,,,,,,,2016/12/12,3,,stealthcoin,stealthcoin
886,,,,,,,,,,,,,,,,,2016/12/13,null,,stealthcoin,stealthcoin
887,,,,,,,,,,,,,,,,,2016/12/14,null,,stealthcoin,stealthcoin
888,,,,,,,,,,,,,,,,,2016/12/15,null,,stealthcoin,stealthcoin
889,,,,,,,,,,,,,,,,,2016/12/16,null,,stealthcoin,stealthcoin
890,,,,,,,,,,,,,,,,,2016/12/17,null,,stealthcoin,stealthcoin
891,,,,,,,,,,,,,,,,,2016/12/18,null,,stealthcoin,stealthcoin
892,,,,,,,,,,,,,,,,,2016/12/19,4,,stealthcoin,stealthcoin
893,,,,,,,,,,,,,,,,,2016/12/20,null,,stealthcoin,stealthcoin
894,,,,,,,,,,,,,,,,,2016/12/21,4,,stealthcoin,stealthcoin
895,,,,,,,,,,,,,,,,,2016/12/22,null,,stealthcoin,stealthcoin
896,,,,,,,,,,,,,,,,,2016/12/23,null,,stealthcoin,stealthcoin
897,,,,,,,,,,,,,,,,,2016/12/24,null,,stealthcoin,stealthcoin
898,,,,,,,,,,,,,,,,,2016/12/25,null,,stealthcoin,stealthcoin
899,,,,,,,,,,,,,,,,,2016/12/26,null,,stealthcoin,stealthcoin
900,,,,,,,,,,,,,,,,,2016/12/27,null,,stealthcoin,stealthcoin
901,,,,,,,,,,,,,,,,,2016/12/28,null,,stealthcoin,stealthcoin
902,,,,,,,,,,,,,,,,,2016/12/29,null,,stealthcoin,stealthcoin
903,,,,,,,,,,,,,,,,,2016/12/30,null,,stealthcoin,stealthcoin
904,,,,,,,,,,,,,,,,,2016/12/31,null,,stealthcoin,stealthcoin
905,,,,,,,,,,,,,,,,,2017/01/01,null,,stealthcoin,stealthcoin
906,,,,,,,,,,,,,,,,,2017/01/02,null,,stealthcoin,stealthcoin
907,,,,,,,,,,,,,,,,,2017/01/03,null,,stealthcoin,stealthcoin
908,,,,,,,,,,,,,,,,,2017/01/04,null,,stealthcoin,stealthcoin
909,,,,,,,,,,,,,,,,,2017/01/05,null,,stealthcoin,stealthcoin
910,,,,,,,,,,,,,,,,,2017/01/06,null,,stealthcoin,stealthcoin
911,,,,,,,,,,,,,,,,,2017/01/07,null,,stealthcoin,stealthcoin
912,,,,,,,,,,,,,,,,,2017/01/08,null,,stealthcoin,stealthcoin
913,,,,,,,,,,,,,,,,,2017/01/09,null,,stealthcoin,stealthcoin
914,,,,,,,,,,,,,,,,,2017/01/10,null,,stealthcoin,stealthcoin
915,,,,,,,,,,,,,,,,,2017/01/11,null,,stealthcoin,stealthcoin
916,,,,,,,,,,,,,,,,,2017/01/12,null,,stealthcoin,stealthcoin
917,,,,,,,,,,,,,,,,,2017/01/13,null,,stealthcoin,stealthcoin
918,,,,,,,,,,,,,,,,,2017/01/14,null,,stealthcoin,stealthcoin
919,,,,,,,,,,,,,,,,,2017/01/15,null,,stealthcoin,stealthcoin
920,,,,,,,,,,,,,,,,,2017/01/16,null,,stealthcoin,stealthcoin
921,,,,,,,,,,,,,,,,,2017/01/17,null,,stealthcoin,stealthcoin
922,,,,,,,,,,,,,,,,,2017/01/18,null,,stealthcoin,stealthcoin
923,,,,,,,,,,,,,,,,,2017/01/19,null,,stealthcoin,stealthcoin
924,,,,,,,,,,,,,,,,,2017/01/20,null,,stealthcoin,stealthcoin
925,,,,,,,,,,,,,,,,,2017/01/21,null,,stealthcoin,stealthcoin
926,,,,,,,,,,,,,,,,,2017/01/22,null,,stealthcoin,stealthcoin
927,,,,,,,,,,,,,,,,,2017/01/23,null,,stealthcoin,stealthcoin
928,,,,,,,,,,,,,,,,,2017/01/24,null,,stealthcoin,stealthcoin
929,,,,,,,,,,,,,,,,,2017/01/25,null,,stealthcoin,stealthcoin
930,,,,,,,,,,,,,,,,,2017/01/26,null,,stealthcoin,stealthcoin
931,,,,,,,,,,,,,,,,,2017/01/27,null,,stealthcoin,stealthcoin
932,,,,,,,,,,,,,,,,,2017/01/28,null,,stealthcoin,stealthcoin
933,,,,,,,,,,,,,,,,,2017/01/29,null,,stealthcoin,stealthcoin
934,,,,,,,,,,,,,,,,,2017/01/30,null,,stealthcoin,stealthcoin
935,,,,,,,,,,,,,,,,,2017/01/31,null,,stealthcoin,stealthcoin
936,,,,,,,,,,,,,,,,,2017/02/01,null,,stealthcoin,stealthcoin
937,,,,,,,,,,,,,,,,,2017/02/02,null,,stealthcoin,stealthcoin
938,,,,,,,,,,,,,,,,,2017/02/03,null,,stealthcoin,stealthcoin
939,,,,,,,,,,,,,,,,,2017/02/04,null,,stealthcoin,stealthcoin
940,,,,,,,,,,,,,,,,,2017/02/05,null,,stealthcoin,stealthcoin
941,,,,,,,,,,,,,,,,,2017/02/06,null,,stealthcoin,stealthcoin
942,,,,,,,,,,,,,,,,,2017/02/07,null,,stealthcoin,stealthcoin
943,,,,,,,,,,,,,,,,,2017/02/08,null,,stealthcoin,stealthcoin
944,,,,,,,,,,,,,,,,,2017/02/09,null,,stealthcoin,stealthcoin
945,,,,,,,,,,,,,,,,,2017/02/10,null,,stealthcoin,stealthcoin
946,,,,,,,,,,,,,,,,,2017/02/11,null,,stealthcoin,stealthcoin
947,,,,,,,,,,,,,,,,,2017/02/12,null,,stealthcoin,stealthcoin
948,,,,,,,,,,,,,,,,,2017/02/13,null,,stealthcoin,stealthcoin
949,,,,,,,,,,,,,,,,,2017/02/14,null,,stealthcoin,stealthcoin
950,,,,,,,,,,,,,,,,,2017/02/15,null,,stealthcoin,stealthcoin
951,,,,,,,,,,,,,,,,,2017/02/16,null,,stealthcoin,stealthcoin
952,,,,,,,,,,,,,,,,,2017/02/17,null,,stealthcoin,stealthcoin
953,,,,,,,,,,,,,,,,,2017/02/18,null,,stealthcoin,stealthcoin
954,,,,,,,,,,,,,,,,,2017/02/19,null,,stealthcoin,stealthcoin
955,,,,,,,,,,,,,,,,,2017/02/20,null,,stealthcoin,stealthcoin
956,,,,,,,,,,,,,,,,,2017/02/21,null,,stealthcoin,stealthcoin
957,,,,,,,,,,,,,,,,,2017/02/22,null,,stealthcoin,stealthcoin
958,,,,,,,,,,,,,,,,,2017/02/23,null,,stealthcoin,stealthcoin
959,,,,,,,,,,,,,,,,,2017/02/24,null,,stealthcoin,stealthcoin
960,,,,,,,,,,,,,,,,,2017/02/25,null,,stealthcoin,stealthcoin
961,,,,,,,,,,,,,,,,,2017/02/26,null,,stealthcoin,stealthcoin
962,,,,,,,,,,,,,,,,,2017/02/27,null,,stealthcoin,stealthcoin
963,,,,,,,,,,,,,,,,,2017/02/28,null,,stealthcoin,stealthcoin
964,,,,,,,,,,,,,,,,,2017/03/01,null,,stealthcoin,stealthcoin
965,,,,,,,,,,,,,,,,,2017/03/02,null,,stealthcoin,stealthcoin
966,,,,,,,,,,,,,,,,,2017/03/03,null,,stealthcoin,stealthcoin
967,,,,,,,,,,,,,,,,,2017/03/04,null,,stealthcoin,stealthcoin
968,,,,,,,,,,,,,,,,,2017/03/05,null,,stealthcoin,stealthcoin
969,,,,,,,,,,,,,,,,,2017/03/06,null,,stealthcoin,stealthcoin
970,,,,,,,,,,,,,,,,,2017/03/07,null,,stealthcoin,stealthcoin
971,,,,,,,,,,,,,,,,,2017/03/08,null,,stealthcoin,stealthcoin
972,,,,,,,,,,,,,,,,,2017/03/09,null,,stealthcoin,stealthcoin
973,,,,,,,,,,,,,,,,,2017/03/10,null,,stealthcoin,stealthcoin
974,,,,,,,,,,,,,,,,,2017/03/11,null,,stealthcoin,stealthcoin
975,,,,,,,,,,,,,,,,,2017/03/12,null,,stealthcoin,stealthcoin
976,,,,,,,,,,,,,,,,,2017/03/13,null,,stealthcoin,stealthcoin
977,,,,,,,,,,,,,,,,,2017/03/14,null,,stealthcoin,stealthcoin
978,,,,,,,,,,,,,,,,,2017/03/15,null,,stealthcoin,stealthcoin
979,,,,,,,,,,,,,,,,,2017/03/16,null,,stealthcoin,stealthcoin
980,,,,,,,,,,,,,,,,,2017/03/17,null,,stealthcoin,stealthcoin
981,,,,,,,,,,,,,,,,,2017/03/18,null,,stealthcoin,stealthcoin
982,,,,,,,,,,,,,,,,,2017/03/19,null,,stealthcoin,stealthcoin
983,,,,,,,,,,,,,,,,,2017/03/20,null,,stealthcoin,stealthcoin
984,,,,,,,,,,,,,,,,,2017/03/21,null,,stealthcoin,stealthcoin
985,,,,,,,,,,,,,,,,,2017/03/22,null,,stealthcoin,stealthcoin
986,,,,,,,,,,,,,,,,,2017/03/23,null,,stealthcoin,stealthcoin
987,,,,,,,,,,,,,,,,,2017/03/24,null,,stealthcoin,stealthcoin
988,,,,,,,,,,,,,,,,,2017/03/25,null,,stealthcoin,stealthcoin
989,,,,,,,,,,,,,,,,,2017/03/26,null,,stealthcoin,stealthcoin
990,,,,,,,,,,,,,,,,,2017/03/27,null,,stealthcoin,stealthcoin
991,,,,,,,,,,,,,,,,,2017/03/28,null,,stealthcoin,stealthcoin
992,,,,,,,,,,,,,,,,,2017/03/29,null,,stealthcoin,stealthcoin
993,,,,,,,,,,,,,,,,,2017/03/30,null,,stealthcoin,stealthcoin
994,,,,,,,,,,,,,,,,,2017/03/31,null,,stealthcoin,stealthcoin
995,,,,,,,,,,,,,,,,,2017/04/01,null,,stealthcoin,stealthcoin
996,,,,,,,,,,,,,,,,,2017/04/02,null,,stealthcoin,stealthcoin
997,,,,,,,,,,,,,,,,,2017/04/03,null,,stealthcoin,stealthcoin
998,,,,,,,,,,,,,,,,,2017/04/04,null,,stealthcoin,stealthcoin
999,,,,,,,,,,,,,,,,,2017/04/05,null,,stealthcoin,stealthcoin
1000,,,,,,,,,,,,,,,,,2017/04/06,null,,stealthcoin,stealthcoin
1001,,,,,,,,,,,,,,,,,2017/04/07,null,,stealthcoin,stealthcoin
1002,,,,,,,,,,,,,,,,,2017/04/08,null,,stealthcoin,stealthcoin
1003,,,,,,,,,,,,,,,,,2017/04/09,null,,stealthcoin,stealthcoin
1004,,,,,,,,,,,,,,,,,2017/04/10,null,,stealthcoin,stealthcoin
1005,,,,,,,,,,,,,,,,,2017/04/11,null,,stealthcoin,stealthcoin
1006,,,,,,,,,,,,,,,,,2017/04/12,null,,stealthcoin,stealthcoin
1007,,,,,,,,,,,,,,,,,2017/04/13,null,,stealthcoin,stealthcoin
1008,,,,,,,,,,,,,,,,,2017/04/14,null,,stealthcoin,stealthcoin
1009,,,,,,,,,,,,,,,,,2017/04/15,null,,stealthcoin,stealthcoin
1010,,,,,,,,,,,,,,,,,2017/04/16,null,,stealthcoin,stealthcoin
1011,,,,,,,,,,,,,,,,,2017/04/17,null,,stealthcoin,stealthcoin
1012,,,,,,,,,,,,,,,,,2017/04/18,null,,stealthcoin,stealthcoin
1013,,,,,,,,,,,,,,,,,2017/04/19,null,,stealthcoin,stealthcoin
1014,,,,,,,,,,,,,,,,,2017/04/20,null,,stealthcoin,stealthcoin
1015,,,,,,,,,,,,,,,,,2017/04/21,null,,stealthcoin,stealthcoin
1016,,,,,,,,,,,,,,,,,2017/04/22,null,,stealthcoin,stealthcoin
1017,,,,,,,,,,,,,,,,,2017/04/23,null,,stealthcoin,stealthcoin
1018,,,,,,,,,,,,,,,,,2017/04/24,null,,stealthcoin,stealthcoin
1019,,,,,,,,,,,,,,,,,2017/04/25,null,,stealthcoin,stealthcoin
1020,,,,,,,,,,,,,,,,,2017/04/26,null,,stealthcoin,stealthcoin
1021,,,,,,,,,,,,,,,,,2017/04/27,null,,stealthcoin,stealthcoin
1022,,,,,,,,,,,,,,,,,2017/04/28,null,,stealthcoin,stealthcoin
1023,,,,,,,,,,,,,,,,,2017/04/29,null,,stealthcoin,stealthcoin
1024,,,,,,,,,,,,,,,,,2017/04/30,null,,stealthcoin,stealthcoin
1025,,,,,,,,,,,,,,,,,2017/05/01,null,,stealthcoin,stealthcoin
1026,,,,,,,,,,,,,,,,,2017/05/02,null,,stealthcoin,stealthcoin
1027,,,,,,,,,,,,,,,,,2017/05/03,null,,stealthcoin,stealthcoin
1028,,,,,,,,,,,,,,,,,2017/05/04,null,,stealthcoin,stealthcoin
1029,,,,,,,,,,,,,,,,,2017/05/05,null,,stealthcoin,stealthcoin
1030,,,,,,,,,,,,,,,,,2017/05/06,null,,stealthcoin,stealthcoin
1031,,,,,,,,,,,,,,,,,2017/05/07,null,,stealthcoin,stealthcoin
1032,,,,,,,,,,,,,,,,,2017/05/08,null,,stealthcoin,stealthcoin
1033,,,,,,,,,,,,,,,,,2017/05/09,null,,stealthcoin,stealthcoin
1034,,,,,,,,,,,,,,,,,2017/05/10,null,,stealthcoin,stealthcoin
1035,,,,,,,,,,,,,,,,,2017/05/11,null,,stealthcoin,stealthcoin
1036,,,,,,,,,,,,,,,,,2017/05/12,null,,stealthcoin,stealthcoin
1037,,,,,,,,,,,,,,,,,2017/05/13,null,,stealthcoin,stealthcoin
1038,,,,,,,,,,,,,,,,,2017/05/14,1,,stealthcoin,stealthcoin
1039,,,,,,,,,,,,,,,,,2017/05/15,null,,stealthcoin,stealthcoin
1040,,,,,,,,,,,,,,,,,2017/05/16,null,,stealthcoin,stealthcoin
1041,,,,,,,,,,,,,,,,,2017/05/17,null,,stealthcoin,stealthcoin
1042,,,,,,,,,,,,,,,,,2017/05/18,3,,stealthcoin,stealthcoin
1043,,,,,,,,,,,,,,,,,2017/05/19,null,,stealthcoin,stealthcoin
1044,,,,,,,,,,,,,,,,,2017/05/20,null,,stealthcoin,stealthcoin
1045,,,,,,,,,,,,,,,,,2017/05/21,null,,stealthcoin,stealthcoin
1046,,,,,,,,,,,,,,,,,2017/05/22,1,,stealthcoin,stealthcoin
1047,,,,,,,,,,,,,,,,,2017/05/23,null,,stealthcoin,stealthcoin
1048,,,,,,,,,,,,,,,,,2017/05/24,null,,stealthcoin,stealthcoin
1049,,,,,,,,,,,,,,,,,2017/05/25,null,,stealthcoin,stealthcoin
1050,,,,,,,,,,,,,,,,,2017/05/26,null,,stealthcoin,stealthcoin
1051,,,,,,,,,,,,,,,,,2017/05/27,1,,stealthcoin,stealthcoin
1052,,,,,,,,,,,,,,,,,2017/05/28,null,,stealthcoin,stealthcoin
1053,,,,,,,,,,,,,,,,,2017/05/29,null,,stealthcoin,stealthcoin
1054,,,,,,,,,,,,,,,,,2017/05/30,null,,stealthcoin,stealthcoin
1055,,,,,,,,,,,,,,,,,2017/05/31,null,,stealthcoin,stealthcoin
1056,,,,,,,,,,,,,,,,,2017/06/01,null,,stealthcoin,stealthcoin
1057,,,,,,,,,,,,,,,,,2017/06/02,null,,stealthcoin,stealthcoin
1058,,,,,,,,,,,,,,,,,2017/06/03,1,,stealthcoin,stealthcoin
1059,,,,,,,,,,,,,,,,,2017/06/04,null,,stealthcoin,stealthcoin
1060,,,,,,,,,,,,,,,,,2017/06/05,null,,stealthcoin,stealthcoin
1061,,,,,,,,,,,,,,,,,2017/06/06,2,,stealthcoin,stealthcoin
1062,,,,,,,,,,,,,,,,,2017/06/07,null,,stealthcoin,stealthcoin
1063,,,,,,,,,,,,,,,,,2017/06/08,1,,stealthcoin,stealthcoin
1064,,,,,,,,,,,,,,,,,2017/06/09,1,,stealthcoin,stealthcoin
1065,,,,,,,,,,,,,,,,,2017/06/10,null,,stealthcoin,stealthcoin
1066,,,,,,,,,,,,,,,,,2017/06/11,1,,stealthcoin,stealthcoin
1067,,,,,,,,,,,,,,,,,2017/06/12,null,,stealthcoin,stealthcoin
1068,,,,,,,,,,,,,,,,,2017/06/13,1,,stealthcoin,stealthcoin
1069,,,,,,,,,,,,,,,,,2017/06/14,null,,stealthcoin,stealthcoin
1070,,,,,,,,,,,,,,,,,2017/06/15,3,,stealthcoin,stealthcoin
1071,,,,,,,,,,,,,,,,,2017/06/16,null,,stealthcoin,stealthcoin
1072,,,,,,,,,,,,,,,,,2017/06/17,5,,stealthcoin,stealthcoin
1073,,,,,,,,,,,,,,,,,2017/06/18,1,,stealthcoin,stealthcoin
1074,,,,,,,,,,,,,,,,,2017/06/19,null,,stealthcoin,stealthcoin
1075,,,,,,,,,,,,,,,,,2017/06/20,null,,stealthcoin,stealthcoin
1076,,,,,,,,,,,,,,,,,2017/06/21,2,,stealthcoin,stealthcoin
1077,,,,,,,,,,,,,,,,,2017/06/22,null,,stealthcoin,stealthcoin
1078,,,,,,,,,,,,,,,,,2017/06/23,3,,stealthcoin,stealthcoin
1079,,,,,,,,,,,,,,,,,2017/06/24,null,,stealthcoin,stealthcoin
1080,,,,,,,,,,,,,,,,,2017/06/25,null,,stealthcoin,stealthcoin
1081,,,,,,,,,,,,,,,,,2017/06/26,null,,stealthcoin,stealthcoin
1082,,,,,,,,,,,,,,,,,2017/06/27,null,,stealthcoin,stealthcoin
1083,,,,,,,,,,,,,,,,,2017/06/28,null,,stealthcoin,stealthcoin
1084,,,,,,,,,,,,,,,,,2017/06/29,null,,stealthcoin,stealthcoin
1085,,,,,,,,,,,,,,,,,2017/06/30,null,,stealthcoin,stealthcoin
1086,,,,,,,,,,,,,,,,,2017/07/01,null,,stealthcoin,stealthcoin
1087,,,,,,,,,,,,,,,,,2017/07/02,null,,stealthcoin,stealthcoin
1088,,,,,,,,,,,,,,,,,2017/07/03,null,,stealthcoin,stealthcoin
1089,,,,,,,,,,,,,,,,,2017/07/04,null,,stealthcoin,stealthcoin
1090,,,,,,,,,,,,,,,,,2017/07/05,null,,stealthcoin,stealthcoin
1091,,,,,,,,,,,,,,,,,2017/07/06,null,,stealthcoin,stealthcoin
1092,,,,,,,,,,,,,,,,,2017/07/07,null,,stealthcoin,stealthcoin
1093,,,,,,,,,,,,,,,,,2017/07/08,null,,stealthcoin,stealthcoin
1094,,,,,,,,,,,,,,,,,2017/07/09,null,,stealthcoin,stealthcoin
1095,,,,,,,,,,,,,,,,,2017/07/10,null,,stealthcoin,stealthcoin
1096,,,,,,,,,,,,,,,,,2017/07/11,null,,stealthcoin,stealthcoin
1097,,,,,,,,,,,,,,,,,2017/07/12,null,,stealthcoin,stealthcoin
1098,,,,,,,,,,,,,,,,,2017/07/13,null,,stealthcoin,stealthcoin
1099,,,,,,,,,,,,,,,,,2017/07/14,1,,stealthcoin,stealthcoin
1100,,,,,,,,,,,,,,,,,2017/07/15,3,,stealthcoin,stealthcoin
1101,,,,,,,,,,,,,,,,,2017/07/16,8,,stealthcoin,stealthcoin
1102,,,,,,,,,,,,,,,,,2017/07/17,4,,stealthcoin,stealthcoin
1103,,,,,,,,,,,,,,,,,2017/07/18,2,,stealthcoin,stealthcoin
1104,,,,,,,,,,,,,,,,,2017/07/19,4,,stealthcoin,stealthcoin
1105,,,,,,,,,,,,,,,,,2017/07/20,5,,stealthcoin,stealthcoin
1106,,,,,,,,,,,,,,,,,2017/07/21,1,,stealthcoin,stealthcoin
1107,,,,,,,,,,,,,,,,,2017/07/22,3,,stealthcoin,stealthcoin
1108,,,,,,,,,,,,,,,,,2017/07/23,null,,stealthcoin,stealthcoin
1109,,,,,,,,,,,,,,,,,2017/07/24,2,,stealthcoin,stealthcoin
1110,,,,,,,,,,,,,,,,,2017/07/25,2,,stealthcoin,stealthcoin
1111,,,,,,,,,,,,,,,,,2017/07/26,null,,stealthcoin,stealthcoin
1112,,,,,,,,,,,,,,,,,2017/07/27,null,,stealthcoin,stealthcoin
1113,,,,,,,,,,,,,,,,,2017/07/28,null,,stealthcoin,stealthcoin
1114,,,,,,,,,,,,,,,,,2017/07/29,null,,stealthcoin,stealthcoin
1115,,,,,,,,,,,,,,,,,2017/07/30,null,,stealthcoin,stealthcoin
1116,,,,,,,,,,,,,,,,,2017/07/31,null,,stealthcoin,stealthcoin
1117,,,,,,,,,,,,,,,,,2017/08/01,null,,stealthcoin,stealthcoin
1118,,,,,,,,,,,,,,,,,2017/08/02,null,,stealthcoin,stealthcoin
1119,,,,,,,,,,,,,,,,,2017/08/03,null,,stealthcoin,stealthcoin
1120,,,,,,,,,,,,,,,,,2017/08/04,null,,stealthcoin,stealthcoin
1121,,,,,,,,,,,,,,,,,2017/08/05,1,,stealthcoin,stealthcoin
1122,,,,,,,,,,,,,,,,,2017/08/06,null,,stealthcoin,stealthcoin
1123,,,,,,,,,,,,,,,,,2017/08/07,1,,stealthcoin,stealthcoin
1124,,,,,,,,,,,,,,,,,2017/08/08,null,,stealthcoin,stealthcoin
1125,,,,,,,,,,,,,,,,,2017/08/09,1,,stealthcoin,stealthcoin
1126,,,,,,,,,,,,,,,,,2017/08/10,2,,stealthcoin,stealthcoin
1127,,,,,,,,,,,,,,,,,2017/08/11,null,,stealthcoin,stealthcoin
1128,,,,,,,,,,,,,,,,,2017/08/12,null,,stealthcoin,stealthcoin
1129,,,,,,,,,,,,,,,,,2017/08/13,1,,stealthcoin,stealthcoin
1130,,,,,,,,,,,,,,,,,2017/08/14,null,,stealthcoin,stealthcoin
1131,,,,,,,,,,,,,,,,,2017/08/15,7,,stealthcoin,stealthcoin
1132,,,,,,,,,,,,,,,,,2017/08/16,5,,stealthcoin,stealthcoin
1133,,,,,,,,,,,,,,,,,2017/08/17,5,,stealthcoin,stealthcoin
1134,,,,,,,,,,,,,,,,,2017/08/18,19,,stealthcoin,stealthcoin
1135,,,,,,,,,,,,,,,,,2017/08/19,3,,stealthcoin,stealthcoin
1136,,,,,,,,,,,,,,,,,2017/08/20,9,,stealthcoin,stealthcoin
1137,,,,,,,,,,,,,,,,,2017/08/21,28,,stealthcoin,stealthcoin
1138,,,,,,,,,,,,,,,,,2017/08/22,2,,stealthcoin,stealthcoin
1139,,,,,,,,,,,,,,,,,2017/08/23,13,,stealthcoin,stealthcoin
1140,,,,,,,,,,,,,,,,,2017/08/24,null,,stealthcoin,stealthcoin
1141,,,,,,,,,,,,,,,,,2017/08/25,1,,stealthcoin,stealthcoin
1142,,,,,,,,,,,,,,,,,2017/08/26,null,,stealthcoin,stealthcoin
1143,,,,,,,,,,,,,,,,,2017/08/27,null,,stealthcoin,stealthcoin
1144,,,,,,,,,,,,,,,,,2017/08/28,null,,stealthcoin,stealthcoin
1145,,,,,,,,,,,,,,,,,2017/08/29,null,,stealthcoin,stealthcoin
1146,,,,,,,,,,,,,,,,,2017/08/30,null,,stealthcoin,stealthcoin
1147,,,,,,,,,,,,,,,,,2017/08/31,null,,stealthcoin,stealthcoin
1148,,,,,,,,,,,,,,,,,2017/09/01,null,,stealthcoin,stealthcoin
1149,,,,,,,,,,,,,,,,,2017/09/02,null,,stealthcoin,stealthcoin
1150,,,,,,,,,,,,,,,,,2017/09/03,null,,stealthcoin,stealthcoin
1151,,,,,,,,,,,,,,,,,2017/09/04,null,,stealthcoin,stealthcoin
1152,,,,,,,,,,,,,,,,,2017/09/05,null,,stealthcoin,stealthcoin
1153,,,,,,,,,,,,,,,,,2017/09/06,null,,stealthcoin,stealthcoin
1154,,,,,,,,,,,,,,,,,2017/09/07,null,,stealthcoin,stealthcoin
1155,,,,,,,,,,,,,,,,,2017/09/08,null,,stealthcoin,stealthcoin
1156,,,,,,,,,,,,,,,,,2017/09/09,null,,stealthcoin,stealthcoin
1157,,,,,,,,,,,,,,,,,2017/09/10,null,,stealthcoin,stealthcoin
1158,,,,,,,,,,,,,,,,,2017/09/11,1,,stealthcoin,stealthcoin
1159,,,,,,,,,,,,,,,,,2017/09/12,1,,stealthcoin,stealthcoin
1160,,,,,,,,,,,,,,,,,2017/09/13,1,,stealthcoin,stealthcoin
1161,,,,,,,,,,,,,,,,,2017/09/14,15,,stealthcoin,stealthcoin
1162,,,,,,,,,,,,,,,,,2017/09/15,9,,stealthcoin,stealthcoin
1163,,,,,,,,,,,,,,,,,2017/09/16,null,,stealthcoin,stealthcoin
1164,,,,,,,,,,,,,,,,,2017/09/17,null,,stealthcoin,stealthcoin
1165,,,,,,,,,,,,,,,,,2017/09/18,2,,stealthcoin,stealthcoin
1166,,,,,,,,,,,,,,,,,2017/09/19,null,,stealthcoin,stealthcoin
1167,,,,,,,,,,,,,,,,,2017/09/20,null,,stealthcoin,stealthcoin
1168,,,,,,,,,,,,,,,,,2017/09/21,3,,stealthcoin,stealthcoin
1169,,,,,,,,,,,,,,,,,2017/09/22,null,,stealthcoin,stealthcoin
1170,,,,,,,,,,,,,,,,,2017/09/23,null,,stealthcoin,stealthcoin
1171,,,,,,,,,,,,,,,,,2017/09/24,null,,stealthcoin,stealthcoin
1172,,,,,,,,,,,,,,,,,2017/09/25,null,,stealthcoin,stealthcoin
1173,,,,,,,,,,,,,,,,,2017/09/26,null,,stealthcoin,stealthcoin
1174,,,,,,,,,,,,,,,,,2017/09/27,null,,stealthcoin,stealthcoin
1175,,,,,,,,,,,,,,,,,2017/09/28,null,,stealthcoin,stealthcoin
1176,,,,,,,,,,,,,,,,,2017/09/29,null,,stealthcoin,stealthcoin
1177,,,,,,,,,,,,,,,,,2017/09/30,null,,stealthcoin,stealthcoin
1178,,,,,,,,,,,,,,,,,2017/10/01,null,,stealthcoin,stealthcoin
1179,,,,,,,,,,,,,,,,,2017/10/02,null,,stealthcoin,stealthcoin
1180,,,,,,,,,,,,,,,,,2017/10/03,null,,stealthcoin,stealthcoin
1181,,,,,,,,,,,,,,,,,2017/10/04,1,,stealthcoin,stealthcoin
1182,,,,,,,,,,,,,,,,,2017/10/05,1,,stealthcoin,stealthcoin
1183,,,,,,,,,,,,,,,,,2017/10/06,null,,stealthcoin,stealthcoin
1184,,,,,,,,,,,,,,,,,2017/10/07,1,,stealthcoin,stealthcoin
1185,,,,,,,,,,,,,,,,,2017/10/08,null,,stealthcoin,stealthcoin
1186,,,,,,,,,,,,,,,,,2017/10/09,1,,stealthcoin,stealthcoin
1187,,,,,,,,,,,,,,,,,2017/10/10,null,,stealthcoin,stealthcoin
1188,,,,,,,,,,,,,,,,,2017/10/11,null,,stealthcoin,stealthcoin
1189,,,,,,,,,,,,,,,,,2017/10/12,null,,stealthcoin,stealthcoin
1190,,,,,,,,,,,,,,,,,2017/10/13,null,,stealthcoin,stealthcoin
1191,,,,,,,,,,,,,,,,,2017/10/14,2,,stealthcoin,stealthcoin
1192,,,,,,,,,,,,,,,,,2017/10/15,1,,stealthcoin,stealthcoin
1193,,,,,,,,,,,,,,,,,2017/10/16,1,,stealthcoin,stealthcoin
1194,,,,,,,,,,,,,,,,,2017/10/17,null,,stealthcoin,stealthcoin
1195,,,,,,,,,,,,,,,,,2017/10/18,null,,stealthcoin,stealthcoin
1196,,,,,,,,,,,,,,,,,2017/10/19,1,,stealthcoin,stealthcoin
1197,,,,,,,,,,,,,,,,,2017/10/20,1,,stealthcoin,stealthcoin
1198,,,,,,,,,,,,,,,,,2017/10/21,null,,stealthcoin,stealthcoin
1199,,,,,,,,,,,,,,,,,2017/10/22,null,,stealthcoin,stealthcoin
1200,,,,,,,,,,,,,,,,,2017/10/23,1,,stealthcoin,stealthcoin
1201,,,,,,,,,,,,,,,,,2017/10/24,1,,stealthcoin,stealthcoin
1202,,,,,,,,,,,,,,,,,2017/10/25,1,,stealthcoin,stealthcoin
1203,,,,,,,,,,,,,,,,,2017/10/26,1,,stealthcoin,stealthcoin
1204,,,,,,,,,,,,,,,,,2017/10/27,2,,stealthcoin,stealthcoin
1205,,,,,,,,,,,,,,,,,2017/10/28,null,,stealthcoin,stealthcoin
1206,,,,,,,,,,,,,,,,,2017/10/29,1,,stealthcoin,stealthcoin
1207,,,,,,,,,,,,,,,,,2017/10/30,3,,stealthcoin,stealthcoin
1208,,,,,,,,,,,,,,,,,2017/10/31,2,,stealthcoin,stealthcoin
1209,,,,,,,,,,,,,,,,,2017/11/01,2,,stealthcoin,stealthcoin
1210,,,,,,,,,,,,,,,,,2017/11/02,4,,stealthcoin,stealthcoin
1211,,,,,,,,,,,,,,,,,2017/11/03,82,,stealthcoin,stealthcoin
1212,,,,,,,,,,,,,,,,,2017/11/04,61,,stealthcoin,stealthcoin
1213,,,,,,,,,,,,,,,,,2017/11/05,24,,stealthcoin,stealthcoin
1214,,,,,,,,,,,,,,,,,2017/11/06,17,,stealthcoin,stealthcoin
1215,,,,,,,,,,,,,,,,,2017/11/07,1,,stealthcoin,stealthcoin
1216,,,,,,,,,,,,,,,,,2017/11/08,11,,stealthcoin,stealthcoin
1217,,,,,,,,,,,,,,,,,2017/11/09,11,,stealthcoin,stealthcoin
1218,,,,,,,,,,,,,,,,,2017/11/10,3,,stealthcoin,stealthcoin
1219,,,,,,,,,,,,,,,,,2017/11/11,1,,stealthcoin,stealthcoin
1220,,,,,,,,,,,,,,,,,2017/11/12,1,,stealthcoin,stealthcoin
1221,,,,,,,,,,,,,,,,,2017/11/13,7,,stealthcoin,stealthcoin
1222,,,,,,,,,,,,,,,,,2017/11/14,11,,stealthcoin,stealthcoin
1223,,,,,,,,,,,,,,,,,2017/11/15,3,,stealthcoin,stealthcoin
1224,,,,,,,,,,,,,,,,,2017/11/16,2,,stealthcoin,stealthcoin
1225,,,,,,,,,,,,,,,,,2017/11/17,2,,stealthcoin,stealthcoin
1226,,,,,,,,,,,,,,,,,2017/11/18,1,,stealthcoin,stealthcoin
1227,,,,,,,,,,,,,,,,,2017/11/19,1,,stealthcoin,stealthcoin
1228,,,,,,,,,,,,,,,,,2017/11/20,1,,stealthcoin,stealthcoin
1229,,,,,,,,,,,,,,,,,2017/11/21,1,,stealthcoin,stealthcoin
1230,,,,,,,,,,,,,,,,,2017/11/22,5,,stealthcoin,stealthcoin
1231,,,,,,,,,,,,,,,,,2017/11/23,2,,stealthcoin,stealthcoin
1232,,,,,,,,,,,,,,,,,2017/11/24,2,,stealthcoin,stealthcoin
1233,,,,,,,,,,,,,,,,,2017/11/25,1,,stealthcoin,stealthcoin
1234,,,,,,,,,,,,,,,,,2017/11/26,1,,stealthcoin,stealthcoin
1235,,,,,,,,,,,,,,,,,2017/11/27,1,,stealthcoin,stealthcoin
1236,,,,,,,,,,,,,,,,,2017/11/28,1,,stealthcoin,stealthcoin
1237,,,,,,,,,,,,,,,,,2017/11/29,1,,stealthcoin,stealthcoin
1238,,,,,,,,,,,,,,,,,2017/11/30,2,,stealthcoin,stealthcoin
1239,,,,,,,,,,,,,,,,,2017/12/01,null,,stealthcoin,stealthcoin
1240,,,,,,,,,,,,,,,,,2017/12/02,1,,stealthcoin,stealthcoin
1241,,,,,,,,,,,,,,,,,2017/12/03,1,,stealthcoin,stealthcoin
1242,,,,,,,,,,,,,,,,,2017/12/04,2,,stealthcoin,stealthcoin
1243,,,,,,,,,,,,,,,,,2017/12/05,2,,stealthcoin,stealthcoin
1244,,,,,,,,,,,,,,,,,2017/12/06,3,,stealthcoin,stealthcoin
1245,,,,,,,,,,,,,,,,,2017/12/07,1,,stealthcoin,stealthcoin
1246,,,,,,,,,,,,,,,,,2017/12/08,1,,stealthcoin,stealthcoin
1247,,,,,,,,,,,,,,,,,2017/12/09,2,,stealthcoin,stealthcoin
1248,,,,,,,,,,,,,,,,,2017/12/10,2,,stealthcoin,stealthcoin
1249,,,,,,,,,,,,,,,,,2017/12/11,3,,stealthcoin,stealthcoin
1250,,,,,,,,,,,,,,,,,2017/12/12,1,,stealthcoin,stealthcoin
1251,,,,,,,,,,,,,,,,,2017/12/13,1,,stealthcoin,stealthcoin
1252,,,,,,,,,,,,,,,,,2017/12/14,2,,stealthcoin,stealthcoin
1253,,,,,,,,,,,,,,,,,2017/12/15,1,,stealthcoin,stealthcoin
1254,,,,,,,,,,,,,,,,,2017/12/16,3,,stealthcoin,stealthcoin
1255,,,,,,,,,,,,,,,,,2017/12/17,1,,stealthcoin,stealthcoin
1256,,,,,,,,,,,,,,,,,2017/12/18,null,,stealthcoin,stealthcoin
1257,,,,,,,,,,,,,,,,,2017/12/19,6,,stealthcoin,stealthcoin
1258,,,,,,,,,,,,,,,,,2017/12/20,28,,stealthcoin,stealthcoin
1259,,,,,,,,,,,,,,,,,2017/12/21,9,,stealthcoin,stealthcoin
1260,,,,,,,,,,,,,,,,,2017/12/22,3,,stealthcoin,stealthcoin
1261,,,,,,,,,,,,,,,,,2017/12/23,8,,stealthcoin,stealthcoin
1262,,,,,,,,,,,,,,,,,2017/12/24,3,,stealthcoin,stealthcoin
1263,,,,,,,,,,,,,,,,,2017/12/25,5,,stealthcoin,stealthcoin
1264,,,,,,,,,,,,,,,,,2017/12/26,12,,stealthcoin,stealthcoin
1265,,,,,,,,,,,,,,,,,2017/12/27,19,,stealthcoin,stealthcoin
1266,,,,,,,,,,,,,,,,,2017/12/28,9,,stealthcoin,stealthcoin
1267,,,,,,,,,,,,,,,,,2017/12/29,4,,stealthcoin,stealthcoin
1268,,,,,,,,,,,,,,,,,2017/12/30,2,,stealthcoin,stealthcoin
1269,,,,,,,,,,,,,,,,,2017/12/31,8,,stealthcoin,stealthcoin
1270,,,,,,,,,,,,,,,,,2018/01/01,1,,stealthcoin,stealthcoin
1271,,,,,,,,,,,,,,,,,2018/01/02,1,,stealthcoin,stealthcoin
1272,,,,,,,,,,,,,,,,,2018/01/03,4,,stealthcoin,stealthcoin
1273,,,,,,,,,,,,,,,,,2018/01/04,6,,stealthcoin,stealthcoin
1274,,,,,,,,,,,,,,,,,2018/01/05,5,,stealthcoin,stealthcoin
1275,,,,,,,,,,,,,,,,,2018/01/06,6,,stealthcoin,stealthcoin
1276,,,,,,,,,,,,,,,,,2018/01/07,2,,stealthcoin,stealthcoin
1277,,,,,,,,,,,,,,,,,2018/01/08,null,,stealthcoin,stealthcoin
1278,,,,,,,,,,,,,,,,,2018/01/09,null,,stealthcoin,stealthcoin
1279,,,,,,,,,,,,,,,,,2018/01/10,null,,stealthcoin,stealthcoin
1280,,,,,,,,,,,,,,,,,2018/01/11,null,,stealthcoin,stealthcoin
1281,,,,,,,,,,,,,,,,,2018/01/12,null,,stealthcoin,stealthcoin
1282,,,,,,,,,,,,,,,,,2018/01/13,null,,stealthcoin,stealthcoin
1283,,,,,,,,,,,,,,,,,2018/01/14,null,,stealthcoin,stealthcoin
1284,,,,,,,,,,,,,,,,,2018/01/15,null,,stealthcoin,stealthcoin
1285,,,,,,,,,,,,,,,,,2018/01/16,null,,stealthcoin,stealthcoin
1286,,,,,,,,,,,,,,,,,2018/01/17,null,,stealthcoin,stealthcoin
1287,,,,,,,,,,,,,,,,,2018/01/18,null,,stealthcoin,stealthcoin
1288,,,,,,,,,,,,,,,,,2018/01/19,null,,stealthcoin,stealthcoin
1289,,,,,,,,,,,,,,,,,2018/01/20,null,,stealthcoin,stealthcoin
1290,,,,,,,,,,,,,,,,,2018/01/21,null,,stealthcoin,stealthcoin
1291,,,,,,,,,,,,,,,,,2018/01/22,null,,stealthcoin,stealthcoin
1292,,,,,,,,,,,,,,,,,2018/01/23,null,,stealthcoin,stealthcoin
1293,,,,,,,,,,,,,,,,,2018/01/24,null,,stealthcoin,stealthcoin
1294,,,,,,,,,,,,,,,,,2018/01/25,null,,stealthcoin,stealthcoin
1295,,,,,,,,,,,,,,,,,2018/01/26,null,,stealthcoin,stealthcoin
1296,,,,,,,,,,,,,,,,,2018/01/27,null,,stealthcoin,stealthcoin
1297,,,,,,,,,,,,,,,,,2018/01/28,null,,stealthcoin,stealthcoin
1298,,,,,,,,,,,,,,,,,2018/01/29,null,,stealthcoin,stealthcoin
1299,,,,,,,,,,,,,,,,,2018/01/30,null,,stealthcoin,stealthcoin
1300,,,,,,,,,,,,,,,,,2018/01/31,null,,stealthcoin,stealthcoin
1301,,,,,,,,,,,,,,,,,2018/02/01,null,,stealthcoin,stealthcoin
1302,,,,,,,,,,,,,,,,,2018/02/02,null,,stealthcoin,stealthcoin
1303,,,,,,,,,,,,,,,,,2018/02/03,null,,stealthcoin,stealthcoin
1304,,,,,,,,,,,,,,,,,2018/02/04,null,,stealthcoin,stealthcoin
1305,,,,,,,,,,,,,,,,,2018/02/05,null,,stealthcoin,stealthcoin
1306,,,,,,,,,,,,,,,,,2018/02/06,null,,stealthcoin,stealthcoin
1307,,,,,,,,,,,,,,,,,2018/02/07,null,,stealthcoin,stealthcoin
1308,,,,,,,,,,,,,,,,,2018/02/08,null,,stealthcoin,stealthcoin
1309,,,,,,,,,,,,,,,,,2018/02/09,null,,stealthcoin,stealthcoin
1310,,,,,,,,,,,,,,,,,2018/02/10,null,,stealthcoin,stealthcoin
1311,,,,,,,,,,,,,,,,,2018/02/11,null,,stealthcoin,stealthcoin
1312,,,,,,,,,,,,,,,,,2018/02/12,null,,stealthcoin,stealthcoin
1313,,,,,,,,,,,,,,,,,2018/02/13,null,,stealthcoin,stealthcoin
1314,,,,,,,,,,,,,,,,,2018/02/14,null,,stealthcoin,stealthcoin
1315,,,,,,,,,,,,,,,,,2018/02/15,null,,stealthcoin,stealthcoin
1316,,,,,,,,,,,,,,,,,2018/02/16,null,,stealthcoin,stealthcoin
1317,,,,,,,,,,,,,,,,,2018/02/17,null,,stealthcoin,stealthcoin
1318,,,,,,,,,,,,,,,,,2018/02/18,null,,stealthcoin,stealthcoin
1319,,,,,,,,,,,,,,,,,2018/02/19,null,,stealthcoin,stealthcoin
1320,,,,,,,,,,,,,,,,,2018/02/20,null,,stealthcoin,stealthcoin
1321,,,,,,,,,,,,,,,,,2018/02/21,null,,stealthcoin,stealthcoin
1322,,,,,,,,,,,,,,,,,2018/02/22,null,,stealthcoin,stealthcoin
1323,,,,,,,,,,,,,,,,,2018/02/23,null,,stealthcoin,stealthcoin
1324,,,,,,,,,,,,,,,,,2018/02/24,null,,stealthcoin,stealthcoin
1325,,,,,,,,,,,,,,,,,2018/02/25,null,,stealthcoin,stealthcoin
1326,,,,,,,,,,,,,,,,,2018/02/26,null,,stealthcoin,stealthcoin
1327,,,,,,,,,,,,,,,,,2018/02/27,null,,stealthcoin,stealthcoin
1328,,,,,,,,,,,,,,,,,2018/02/28,null,,stealthcoin,stealthcoin
1329,,,,,,,,,,,,,,,,,2018/03/01,null,,stealthcoin,stealthcoin
1330,,,,,,,,,,,,,,,,,2018/03/02,null,,stealthcoin,stealthcoin
1331,,,,,,,,,,,,,,,,,2018/03/03,null,,stealthcoin,stealthcoin
1332,,,,,,,,,,,,,,,,,2018/03/04,null,,stealthcoin,stealthcoin
1333,,,,,,,,,,,,,,,,,2018/03/05,null,,stealthcoin,stealthcoin
1334,,,,,,,,,,,,,,,,,2018/03/06,null,,stealthcoin,stealthcoin
1335,,,,,,,,,,,,,,,,,2018/03/07,null,,stealthcoin,stealthcoin
1336,,,,,,,,,,,,,,,,,2018/03/08,null,,stealthcoin,stealthcoin
1337,,,,,,,,,,,,,,,,,2018/03/09,null,,stealthcoin,stealthcoin
1338,,,,,,,,,,,,,,,,,2018/03/10,null,,stealthcoin,stealthcoin
1339,,,,,,,,,,,,,,,,,2018/03/11,null,,stealthcoin,stealthcoin
1340,,,,,,,,,,,,,,,,,2018/03/12,null,,stealthcoin,stealthcoin
1341,,,,,,,,,,,,,,,,,2018/03/13,null,,stealthcoin,stealthcoin
1342,,,,,,,,,,,,,,,,,2018/03/14,null,,stealthcoin,stealthcoin
1343,,,,,,,,,,,,,,,,,2018/03/15,null,,stealthcoin,stealthcoin
1344,,,,,,,,,,,,,,,,,2018/03/16,null,,stealthcoin,stealthcoin
1345,,,,,,,,,,,,,,,,,2018/03/17,null,,stealthcoin,stealthcoin
1346,,,,,,,,,,,,,,,,,2018/03/18,null,,stealthcoin,stealthcoin
1347,,,,,,,,,,,,,,,,,2018/03/19,null,,stealthcoin,stealthcoin
1348,,,,,,,,,,,,,,,,,2018/03/20,null,,stealthcoin,stealthcoin
1349,,,,,,,,,,,,,,,,,2018/03/21,null,,stealthcoin,stealthcoin
1350,,,,,,,,,,,,,,,,,2018/03/22,null,,stealthcoin,stealthcoin
1351,,,,,,,,,,,,,,,,,2018/03/23,null,,stealthcoin,stealthcoin
1352,,,,,,,,,,,,,,,,,2018/03/24,null,,stealthcoin,stealthcoin
1353,,,,,,,,,,,,,,,,,2018/03/25,null,,stealthcoin,stealthcoin
1354,,,,,,,,,,,,,,,,,2018/03/26,null,,stealthcoin,stealthcoin
1355,,,,,,,,,,,,,,,,,2018/03/27,null,,stealthcoin,stealthcoin
1356,,,,,,,,,,,,,,,,,2018/03/28,null,,stealthcoin,stealthcoin
1357,,,,,,,,,,,,,,,,,2018/03/29,null,,stealthcoin,stealthcoin
1358,,,,,,,,,,,,,,,,,2018/03/30,null,,stealthcoin,stealthcoin
1359,,,,,,,,,,,,,,,,,2018/03/31,null,,stealthcoin,stealthcoin
1360,,,,,,,,,,,,,,,,,2018/04/01,null,,stealthcoin,stealthcoin
1361,,,,,,,,,,,,,,,,,2018/04/02,null,,stealthcoin,stealthcoin
1362,,,,,,,,,,,,,,,,,2018/04/03,null,,stealthcoin,stealthcoin
1363,,,,,,,,,,,,,,,,,2018/04/04,null,,stealthcoin,stealthcoin
1364,,,,,,,,,,,,,,,,,2018/04/05,null,,stealthcoin,stealthcoin
1365,,,,,,,,,,,,,,,,,2018/04/06,null,,stealthcoin,stealthcoin
1366,,,,,,,,,,,,,,,,,2018/04/07,null,,stealthcoin,stealthcoin
1367,,,,,,,,,,,,,,,,,2018/04/08,null,,stealthcoin,stealthcoin
1368,,,,,,,,,,,,,,,,,2018/04/09,null,,stealthcoin,stealthcoin
1369,,,,,,,,,,,,,,,,,2018/04/10,null,,stealthcoin,stealthcoin
1370,,,,,,,,,,,,,,,,,2018/04/11,null,,stealthcoin,stealthcoin
1371,,,,,,,,,,,,,,,,,2018/04/12,null,,stealthcoin,stealthcoin
1372,,,,,,,,,,,,,,,,,2018/04/13,null,,stealthcoin,stealthcoin
1373,,,,,,,,,,,,,,,,,2018/04/14,1,,stealthcoin,stealthcoin
1374,,,,,,,,,,,,,,,,,2018/04/15,3,,stealthcoin,stealthcoin
1375,,,,,,,,,,,,,,,,,2018/04/16,null,,stealthcoin,stealthcoin
1376,,,,,,,,,,,,,,,,,2018/04/17,null,,stealthcoin,stealthcoin
1377,,,,,,,,,,,,,,,,,2018/04/18,null,,stealthcoin,stealthcoin
1378,,,,,,,,,,,,,,,,,2018/04/19,null,,stealthcoin,stealthcoin
1379,,,,,,,,,,,,,,,,,2018/04/20,null,,stealthcoin,stealthcoin
1380,,,,,,,,,,,,,,,,,2018/04/21,null,,stealthcoin,stealthcoin
1381,,,,,,,,,,,,,,,,,2018/04/22,1,,stealthcoin,stealthcoin
1382,,,,,,,,,,,,,,,,,2018/04/23,null,,stealthcoin,stealthcoin
1383,,,,,,,,,,,,,,,,,2018/04/24,null,,stealthcoin,stealthcoin
1384,,,,,,,,,,,,,,,,,2018/04/25,null,,stealthcoin,stealthcoin
1385,,,,,,,,,,,,,,,,,2018/04/26,null,,stealthcoin,stealthcoin
1386,,,,,,,,,,,,,,,,,2018/04/27,null,,stealthcoin,stealthcoin
1387,,,,,,,,,,,,,,,,,2018/04/28,null,,stealthcoin,stealthcoin
1388,,,,,,,,,,,,,,,,,2018/04/29,null,,stealthcoin,stealthcoin
1389,,,,,,,,,,,,,,,,,2018/04/30,null,,stealthcoin,stealthcoin
1390,,,,,,,,,,,,,,,,,2018/05/01,null,,stealthcoin,stealthcoin
1391,,,,,,,,,,,,,,,,,2018/05/02,null,,stealthcoin,stealthcoin
1392,,,,,,,,,,,,,,,,,2018/05/03,null,,stealthcoin,stealthcoin
1393,,,,,,,,,,,,,,,,,2018/05/04,1,,stealthcoin,stealthcoin
1394,,,,,,,,,,,,,,,,,2018/05/05,1,,stealthcoin,stealthcoin
1395,,,,,,,,,,,,,,,,,2018/05/06,null,,stealthcoin,stealthcoin
1396,,,,,,,,,,,,,,,,,2018/05/07,null,,stealthcoin,stealthcoin
1397,,,,,,,,,,,,,,,,,2018/05/08,null,,stealthcoin,stealthcoin
1398,,,,,,,,,,,,,,,,,2018/05/09,null,,stealthcoin,stealthcoin
1399,,,,,,,,,,,,,,,,,2018/05/10,null,,stealthcoin,stealthcoin
1400,,,,,,,,,,,,,,,,,2018/05/11,null,,stealthcoin,stealthcoin
1401,,,,,,,,,,,,,,,,,2018/05/12,null,,stealthcoin,stealthcoin
1402,,,,,,,,,,,,,,,,,2018/05/13,null,,stealthcoin,stealthcoin
1403,,,,,,,,,,,,,,,,,2018/05/14,null,,stealthcoin,stealthcoin
1404,,,,,,,,,,,,,,,,,2018/05/15,null,,stealthcoin,stealthcoin
1405,,,,,,,,,,,,,,,,,2018/05/16,null,,stealthcoin,stealthcoin
1406,,,,,,,,,,,,,,,,,2018/05/17,null,,stealthcoin,stealthcoin
1407,,,,,,,,,,,,,,,,,2018/05/18,null,,stealthcoin,stealthcoin
1408,,,,,,,,,,,,,,,,,2018/05/19,null,,stealthcoin,stealthcoin
1409,,,,,,,,,,,,,,,,,2018/05/20,null,,stealthcoin,stealthcoin
1410,,,,,,,,,,,,,,,,,2018/05/21,1,,stealthcoin,stealthcoin
1411,,,,,,,,,,,,,,,,,2018/05/22,null,,stealthcoin,stealthcoin
1412,,,,,,,,,,,,,,,,,2018/05/23,null,,stealthcoin,stealthcoin
1413,,,,,,,,,,,,,,,,,2018/05/24,null,,stealthcoin,stealthcoin
1414,,,,,,,,,,,,,,,,,2018/05/25,null,,stealthcoin,stealthcoin
1415,,,,,,,,,,,,,,,,,2018/05/26,null,,stealthcoin,stealthcoin
1416,,,,,,,,,,,,,,,,,2018/05/27,null,,stealthcoin,stealthcoin
1417,,,,,,,,,,,,,,,,,2018/05/28,null,,stealthcoin,stealthcoin
1418,,,,,,,,,,,,,,,,,2018/05/29,null,,stealthcoin,stealthcoin
1419,,,,,,,,,,,,,,,,,2018/05/30,null,,stealthcoin,stealthcoin
1420,,,,,,,,,,,,,,,,,2018/05/31,null,,stealthcoin,stealthcoin
1421,,,,,,,,,,,,,,,,,2018/06/01,null,,stealthcoin,stealthcoin
1422,,,,,,,,,,,,,,,,,2018/06/02,null,,stealthcoin,stealthcoin
1423,,,,,,,,,,,,,,,,,2018/06/03,null,,stealthcoin,stealthcoin
1424,,,,,,,,,,,,,,,,,2018/06/04,null,,stealthcoin,stealthcoin
1425,,,,,,,,,,,,,,,,,2018/06/05,null,,stealthcoin,stealthcoin
1426,,,,,,,,,,,,,,,,,2018/06/06,null,,stealthcoin,stealthcoin
1427,,,,,,,,,,,,,,,,,2018/06/07,null,,stealthcoin,stealthcoin
1428,,,,,,,,,,,,,,,,,2018/06/08,null,,stealthcoin,stealthcoin
1429,,,,,,,,,,,,,,,,,2018/06/09,null,,stealthcoin,stealthcoin
1430,,,,,,,,,,,,,,,,,2018/06/10,null,,stealthcoin,stealthcoin
1431,,,,,,,,,,,,,,,,,2018/06/11,null,,stealthcoin,stealthcoin
1432,,,,,,,,,,,,,,,,,2018/06/12,null,,stealthcoin,stealthcoin
1433,,,,,,,,,,,,,,,,,2018/06/13,null,,stealthcoin,stealthcoin
1434,,,,,,,,,,,,,,,,,2018/06/14,null,,stealthcoin,stealthcoin
1435,,,,,,,,,,,,,,,,,2018/06/15,null,,stealthcoin,stealthcoin
1436,,,,,,,,,,,,,,,,,2018/06/16,null,,stealthcoin,stealthcoin
1437,,,,,,,,,,,,,,,,,2018/06/17,null,,stealthcoin,stealthcoin
1438,,,,,,,,,,,,,,,,,2018/06/18,null,,stealthcoin,stealthcoin
1439,,,,,,,,,,,,,,,,,2018/06/19,null,,stealthcoin,stealthcoin
1440,,,,,,,,,,,,,,,,,2018/06/20,null,,stealthcoin,stealthcoin
1441,,,,,,,,,,,,,,,,,2018/06/21,null,,stealthcoin,stealthcoin
1442,,,,,,,,,,,,,,,,,2018/06/22,39,,stealthcoin,stealthcoin
1443,,,,,,,,,,,,,,,,,2018/06/23,24,,stealthcoin,stealthcoin
1444,,,,,,,,,,,,,,,,,2018/06/24,10,,stealthcoin,stealthcoin
1445,,,,,,,,,,,,,,,,,2018/06/25,null,,stealthcoin,stealthcoin
1446,,,,,,,,,,,,,,,,,2018/06/26,null,,stealthcoin,stealthcoin
1447,,,,,,,,,,,,,,,,,2018/06/27,null,,stealthcoin,stealthcoin
1448,,,,,,,,,,,,,,,,,2018/06/28,null,,stealthcoin,stealthcoin
1449,,,,,,,,,,,,,,,,,2018/06/29,null,,stealthcoin,stealthcoin
1450,,,,,,,,,,,,,,,,,2018/06/30,null,,stealthcoin,stealthcoin
1451,,,,,,,,,,,,,,,,,2018/07/01,null,,stealthcoin,stealthcoin
1452,,,,,,,,,,,,,,,,,2018/07/02,null,,stealthcoin,stealthcoin
1453,,,,,,,,,,,,,,,,,2018/07/03,null,,stealthcoin,stealthcoin
1454,,,,,,,,,,,,,,,,,2018/07/04,null,,stealthcoin,stealthcoin
1455,,,,,,,,,,,,,,,,,2018/07/05,null,,stealthcoin,stealthcoin
1456,,,,,,,,,,,,,,,,,2018/07/06,null,,stealthcoin,stealthcoin
1457,,,,,,,,,,,,,,,,,2018/07/07,null,,stealthcoin,stealthcoin
1458,,,,,,,,,,,,,,,,,2018/07/08,null,,stealthcoin,stealthcoin
1459,,,,,,,,,,,,,,,,,2018/07/09,null,,stealthcoin,stealthcoin
1460,,,,,,,,,,,,,,,,,2018/07/10,null,,stealthcoin,stealthcoin
1461,,,,,,,,,,,,,,,,,2018/07/11,null,,stealthcoin,stealthcoin
1462,,,,,,,,,,,,,,,,,2018/07/12,null,,stealthcoin,stealthcoin
1463,,,,,,,,,,,,,,,,,2018/07/13,null,,stealthcoin,stealthcoin
1464,,,,,,,,,,,,,,,,,2018/07/14,null,,stealthcoin,stealthcoin
1465,,,,,,,,,,,,,,,,,2018/07/15,null,,stealthcoin,stealthcoin
1466,,,,,,,,,,,,,,,,,2018/07/16,null,,stealthcoin,stealthcoin
1467,,,,,,,,,,,,,,,,,2018/07/17,null,,stealthcoin,stealthcoin
1468,,,,,,,,,,,,,,,,,2018/07/18,null,,stealthcoin,stealthcoin
1469,,,,,,,,,,,,,,,,,2018/07/19,null,,stealthcoin,stealthcoin
1470,,,,,,,,,,,,,,,,,2018/07/20,null,,stealthcoin,stealthcoin
1471,,,,,,,,,,,,,,,,,2018/07/21,null,,stealthcoin,stealthcoin
1472,,,,,,,,,,,,,,,,,2018/07/22,null,,stealthcoin,stealthcoin
1473,,,,,,,,,,,,,,,,,2018/07/23,null,,stealthcoin,stealthcoin
1474,,,,,,,,,,,,,,,,,2018/07/24,null,,stealthcoin,stealthcoin
1475,,,,,,,,,,,,,,,,,2018/07/25,null,,stealthcoin,stealthcoin
1476,,,,,,,,,,,,,,,,,2018/07/26,null,,stealthcoin,stealthcoin
1477,,,,,,,,,,,,,,,,,2018/07/27,null,,stealthcoin,stealthcoin
1478,,,,,,,,,,,,,,,,,2018/07/28,null,,stealthcoin,stealthcoin
1479,,,,,,,,,,,,,,,,,2018/07/29,null,,stealthcoin,stealthcoin
1480,,,,,,,,,,,,,,,,,2018/07/30,null,,stealthcoin,stealthcoin
1481,,,,,,,,,,,,,,,,,2018/07/31,null,,stealthcoin,stealthcoin
1482,,,,,,,,,,,,,,,,,2018/08/01,null,,stealthcoin,stealthcoin
1483,,,,,,,,,,,,,,,,,2018/08/02,null,,stealthcoin,stealthcoin
1484,,,,,,,,,,,,,,,,,2018/08/03,null,,stealthcoin,stealthcoin
1485,,,,,,,,,,,,,,,,,2018/08/04,null,,stealthcoin,stealthcoin
1486,,,,,,,,,,,,,,,,,2018/08/05,null,,stealthcoin,stealthcoin
1487,,,,,,,,,,,,,,,,,2018/08/06,null,,stealthcoin,stealthcoin
1488,,,,,,,,,,,,,,,,,2018/08/07,null,,stealthcoin,stealthcoin
1489,,,,,,,,,,,,,,,,,2018/08/08,null,,stealthcoin,stealthcoin
1490,,,,,,,,,,,,,,,,,2018/08/09,null,,stealthcoin,stealthcoin
1491,,,,,,,,,,,,,,,,,2018/08/10,null,,stealthcoin,stealthcoin
1492,,,,,,,,,,,,,,,,,2018/08/11,null,,stealthcoin,stealthcoin
1493,,,,,,,,,,,,,,,,,2018/08/12,null,,stealthcoin,stealthcoin
1494,,,,,,,,,,,,,,,,,2018/08/13,null,,stealthcoin,stealthcoin
1495,,,,,,,,,,,,,,,,,2018/08/14,null,,stealthcoin,stealthcoin
1496,,,,,,,,,,,,,,,,,2018/08/15,null,,stealthcoin,stealthcoin
1497,,,,,,,,,,,,,,,,,2018/08/16,null,,stealthcoin,stealthcoin
1498,,,,,,,,,,,,,,,,,2018/08/17,null,,stealthcoin,stealthcoin
1499,,,,,,,,,,,,,,,,,2018/08/18,null,,stealthcoin,stealthcoin
1500,,,,,,,,,,,,,,,,,2018/08/19,null,,stealthcoin,stealthcoin
1501,,,,,,,,,,,,,,,,,2018/08/20,null,,stealthcoin,stealthcoin
1502,,,,,,,,,,,,,,,,,2018/08/21,null,,stealthcoin,stealthcoin
1503,,,,,,,,,,,,,,,,,2018/08/22,null,,stealthcoin,stealthcoin
1504,,,,,,,,,,,,,,,,,2018/08/23,null,,stealthcoin,stealthcoin
1505,,,,,,,,,,,,,,,,,2018/08/24,1,,stealthcoin,stealthcoin
1506,,,,,,,,,,,,,,,,,2018/08/25,null,,stealthcoin,stealthcoin
1507,,,,,,,,,,,,,,,,,2018/08/26,null,,stealthcoin,stealthcoin
1508,,,,,,,,,,,,,,,,,2018/08/27,3,,stealthcoin,stealthcoin
1509,,,,,,,,,,,,,,,,,2018/08/28,1,,stealthcoin,stealthcoin
1510,,,,,,,,,,,,,,,,,2018/08/29,null,,stealthcoin,stealthcoin
1511,,,,,,,,,,,,,,,,,2018/08/30,null,,stealthcoin,stealthcoin
1512,,,,,,,,,,,,,,,,,2018/08/31,null,,stealthcoin,stealthcoin
1513,,,,,,,,,,,,,,,,,2018/09/01,null,,stealthcoin,stealthcoin
1514,,,,,,,,,,,,,,,,,2018/09/02,null,,stealthcoin,stealthcoin
1515,,,,,,,,,,,,,,,,,2018/09/03,null,,stealthcoin,stealthcoin
1516,,,,,,,,,,,,,,,,,2018/09/04,null,,stealthcoin,stealthcoin
1517,,,,,,,,,,,,,,,,,2018/09/05,null,,stealthcoin,stealthcoin
1518,,,,,,,,,,,,,,,,,2018/09/06,null,,stealthcoin,stealthcoin
1519,,,,,,,,,,,,,,,,,2018/09/07,null,,stealthcoin,stealthcoin
1520,,,,,,,,,,,,,,,,,2018/09/08,null,,stealthcoin,stealthcoin
1521,,,,,,,,,,,,,,,,,2018/09/09,null,,stealthcoin,stealthcoin
1522,,,,,,,,,,,,,,,,,2018/09/10,null,,stealthcoin,stealthcoin
1523,,,,,,,,,,,,,,,,,2018/09/11,null,,stealthcoin,stealthcoin
1524,,,,,,,,,,,,,,,,,2018/09/12,null,,stealthcoin,stealthcoin
1525,,,,,,,,,,,,,,,,,2018/09/13,null,,stealthcoin,stealthcoin
1526,,,,,,,,,,,,,,,,,2018/09/14,null,,stealthcoin,stealthcoin
1527,,,,,,,,,,,,,,,,,2018/09/15,null,,stealthcoin,stealthcoin
1528,,,,,,,,,,,,,,,,,2018/09/16,null,,stealthcoin,stealthcoin
1529,,,,,,,,,,,,,,,,,2018/09/17,null,,stealthcoin,stealthcoin
1530,,,,,,,,,,,,,,,,,2018/09/18,null,,stealthcoin,stealthcoin
1531,,,,,,,,,,,,,,,,,2018/09/19,null,,stealthcoin,stealthcoin
1532,,,,,,,,,,,,,,,,,2018/09/20,null,,stealthcoin,stealthcoin
1533,,,,,,,,,,,,,,,,,2018/09/21,null,,stealthcoin,stealthcoin
1534,,,,,,,,,,,,,,,,,2018/09/22,null,,stealthcoin,stealthcoin
1535,,,,,,,,,,,,,,,,,2018/09/23,null,,stealthcoin,stealthcoin
1536,,,,,,,,,,,,,,,,,2018/09/24,null,,stealthcoin,stealthcoin
1537,,,,,,,,,,,,,,,,,2018/09/25,null,,stealthcoin,stealthcoin
1538,,,,,,,,,,,,,,,,,2018/09/26,null,,stealthcoin,stealthcoin
1539,,,,,,,,,,,,,,,,,2018/09/27,null,,stealthcoin,stealthcoin
1540,,,,,,,,,,,,,,,,,2018/09/28,null,,stealthcoin,stealthcoin
1541,,,,,,,,,,,,,,,,,2018/09/29,null,,stealthcoin,stealthcoin
1542,,,,,,,,,,,,,,,,,2018/09/30,null,,stealthcoin,stealthcoin
1543,,,,,,,,,,,,,,,,,2018/10/01,null,,stealthcoin,stealthcoin
1544,,,,,,,,,,,,,,,,,2018/10/02,null,,stealthcoin,stealthcoin
1545,,,,,,,,,,,,,,,,,2018/10/03,null,,stealthcoin,stealthcoin
1546,,,,,,,,,,,,,,,,,2018/10/04,null,,stealthcoin,stealthcoin
1547,,,,,,,,,,,,,,,,,2018/10/05,null,,stealthcoin,stealthcoin
1548,,,,,,,,,,,,,,,,,2018/10/06,null,,stealthcoin,stealthcoin
1549,,,,,,,,,,,,,,,,,2018/10/07,null,,stealthcoin,stealthcoin
1550,,,,,,,,,,,,,,,,,2018/10/08,null,,stealthcoin,stealthcoin
1551,,,,,,,,,,,,,,,,,2018/10/09,null,,stealthcoin,stealthcoin
1552,,,,,,,,,,,,,,,,,2018/10/10,null,,stealthcoin,stealthcoin
1553,,,,,,,,,,,,,,,,,2018/10/11,null,,stealthcoin,stealthcoin
1554,,,,,,,,,,,,,,,,,2018/10/12,null,,stealthcoin,stealthcoin
1555,,,,,,,,,,,,,,,,,2018/10/13,null,,stealthcoin,stealthcoin
1556,,,,,,,,,,,,,,,,,2018/10/14,null,,stealthcoin,stealthcoin
1557,,,,,,,,,,,,,,,,,2018/10/15,null,,stealthcoin,stealthcoin
1558,,,,,,,,,,,,,,,,,2018/10/16,null,,stealthcoin,stealthcoin
1559,,,,,,,,,,,,,,,,,2018/10/17,null,,stealthcoin,stealthcoin
1560,,,,,,,,,,,,,,,,,2018/10/18,null,,stealthcoin,stealthcoin
1561,,,,,,,,,,,,,,,,,2018/10/19,null,,stealthcoin,stealthcoin
1562,,,,,,,,,,,,,,,,,2018/10/20,null,,stealthcoin,stealthcoin
1563,,,,,,,,,,,,,,,,,2018/10/21,null,,stealthcoin,stealthcoin
1564,,,,,,,,,,,,,,,,,2018/10/22,null,,stealthcoin,stealthcoin
1565,,,,,,,,,,,,,,,,,2018/10/23,null,,stealthcoin,stealthcoin
1566,,,,,,,,,,,,,,,,,2018/10/24,null,,stealthcoin,stealthcoin
1567,,,,,,,,,,,,,,,,,2018/10/25,null,,stealthcoin,stealthcoin
1568,,,,,,,,,,,,,,,,,2018/10/26,null,,stealthcoin,stealthcoin
1569,,,,,,,,,,,,,,,,,2018/10/27,null,,stealthcoin,stealthcoin
1570,,,,,,,,,,,,,,,,,2018/10/28,null,,stealthcoin,stealthcoin
1571,,,,,,,,,,,,,,,,,2018/10/29,null,,stealthcoin,stealthcoin
1572,,,,,,,,,,,,,,,,,2018/10/30,null,,stealthcoin,stealthcoin
1573,,,,,,,,,,,,,,,,,2018/10/31,null,,stealthcoin,stealthcoin
1574,,,,,,,,,,,,,,,,,2018/11/01,null,,stealthcoin,stealthcoin
1575,,,,,,,,,,,,,,,,,2018/11/02,null,,stealthcoin,stealthcoin
1576,,,,,,,,,,,,,,,,,2018/11/03,null,,stealthcoin,stealthcoin
1577,,,,,,,,,,,,,,,,,2018/11/04,null,,stealthcoin,stealthcoin
1578,,,,,,,,,,,,,,,,,2018/11/05,null,,stealthcoin,stealthcoin
1579,,,,,,,,,,,,,,,,,2018/11/06,null,,stealthcoin,stealthcoin
1580,,,,,,,,,,,,,,,,,2018/11/07,null,,stealthcoin,stealthcoin
1581,,,,,,,,,,,,,,,,,2018/11/08,null,,stealthcoin,stealthcoin
1582,,,,,,,,,,,,,,,,,2018/11/09,null,,stealthcoin,stealthcoin
1583,,,,,,,,,,,,,,,,,2018/11/10,null,,stealthcoin,stealthcoin
1584,,,,,,,,,,,,,,,,,2018/11/11,1,,stealthcoin,stealthcoin
1585,,,,,,,,,,,,,,,,,2018/11/12,null,,stealthcoin,stealthcoin
1586,,,,,,,,,,,,,,,,,2018/11/13,null,,stealthcoin,stealthcoin
1587,,,,,,,,,,,,,,,,,2018/11/14,null,,stealthcoin,stealthcoin
1588,,,,,,,,,,,,,,,,,2018/11/15,null,,stealthcoin,stealthcoin
1589,,,,,,,,,,,,,,,,,2018/11/16,null,,stealthcoin,stealthcoin
1590,,,,,,,,,,,,,,,,,2018/11/17,null,,stealthcoin,stealthcoin
1591,,,,,,,,,,,,,,,,,2018/11/18,null,,stealthcoin,stealthcoin
1592,,,,,,,,,,,,,,,,,2018/11/19,null,,stealthcoin,stealthcoin
1593,,,,,,,,,,,,,,,,,2018/11/20,null,,stealthcoin,stealthcoin
1594,,,,,,,,,,,,,,,,,2018/11/21,null,,stealthcoin,stealthcoin
1595,,,,,,,,,,,,,,,,,2018/11/22,null,,stealthcoin,stealthcoin
1596,,,,,,,,,,,,,,,,,2018/11/23,null,,stealthcoin,stealthcoin
1597,,,,,,,,,,,,,,,,,2018/11/24,null,,stealthcoin,stealthcoin
1598,,,,,,,,,,,,,,,,,2018/11/25,null,,stealthcoin,stealthcoin
1599,,,,,,,,,,,,,,,,,2018/11/26,null,,stealthcoin,stealthcoin
1600,,,,,,,,,,,,,,,,,2018/11/27,null,,stealthcoin,stealthcoin
1601,,,,,,,,,,,,,,,,,2018/11/28,null,,stealthcoin,stealthcoin
1602,,,,,,,,,,,,,,,,,2018/11/29,null,,stealthcoin,stealthcoin
1603,,,,,,,,,,,,,,,,,2018/11/30,null,,stealthcoin,stealthcoin
1604,,,,,,,,,,,,,,,,,2018/12/01,null,,stealthcoin,stealthcoin
1605,,,,,,,,,,,,,,,,,2018/12/02,null,,stealthcoin,stealthcoin
1606,,,,,,,,,,,,,,,,,2018/12/03,null,,stealthcoin,stealthcoin
1607,,,,,,,,,,,,,,,,,2018/12/04,null,,stealthcoin,stealthcoin
1608,,,,,,,,,,,,,,,,,2018/12/05,1,,stealthcoin,stealthcoin
1609,,,,,,,,,,,,,,,,,2014/07/10,,77236,stealthcoin,stealthcoin
