,transactions,top_100_percent,fee_reward,block_size,sent_addresses,mining_profitability,av_transaction_size,send_usd,hashrate,median_transaction_size,confirmation_time,date,tweets,median_transaction_value,difficulty,active_addresses,google_trends,av_transaction_value,market_cap,full_name,coin
0,,,,,,,,,,,,2017/04/19,1,,,,,,269442,whitecoin,whitecoin
1,,,,,,,,,,,,2017/04/20,4,,,,,,251724,whitecoin,whitecoin
2,,,,,,,,,,,,2017/04/21,null,,,,,,245588,whitecoin,whitecoin
3,,,,,,,,,,,,2017/04/22,1,,,,,,257384,whitecoin,whitecoin
4,,,,,,,,,,,,2017/04/23,null,,,,,,265396,whitecoin,whitecoin
5,,,,,,,,,,,,2017/04/24,null,,,,,,252430,whitecoin,whitecoin
6,,,,,,,,,,,,2017/04/25,null,,,,,,255921,whitecoin,whitecoin
7,,,,,,,,,,,,2017/04/26,null,,,,,,268570,whitecoin,whitecoin
8,,,,,,,,,,,,2017/04/27,null,,,,,,239479,whitecoin,whitecoin
9,,,,,,,,,,,,2017/04/28,null,,,,,,249196,whitecoin,whitecoin
10,,,,,,,,,,,,2017/04/29,null,,,,,,247365,whitecoin,whitecoin
11,,,,,,,,,,,,2017/04/30,null,,,,,,241444,whitecoin,whitecoin
12,,,,,,,,,,,,2017/05/01,null,,,,,,247136,whitecoin,whitecoin
13,,,,,,,,,,,,2017/05/02,null,,,,,,248204,whitecoin,whitecoin
14,,,,,,,,,,,,2017/05/03,null,,,,,,259288,whitecoin,whitecoin
15,,,,,,,,,,,,2017/05/04,null,,,,,,244700,whitecoin,whitecoin
16,,,,,,,,,,,,2017/05/05,null,,,,,,241226,whitecoin,whitecoin
17,,,,,,,,,,,,2017/05/06,null,,,,,,254454,whitecoin,whitecoin
18,,,,,,,,,,,,2017/05/07,1,,,,,,260200,whitecoin,whitecoin
19,,,,,,,,,,,,2017/05/08,null,,,,,,273792,whitecoin,whitecoin
20,,,,,,,,,,,,2017/05/09,null,,,,,,292717,whitecoin,whitecoin
21,,,,,,,,,,,,2017/05/10,null,,,,,,288544,whitecoin,whitecoin
22,,,,,,,,,,,,2017/05/11,null,,,,,,276623,whitecoin,whitecoin
23,,,,,,,,,,,,2017/05/12,1,,,,,,296349,whitecoin,whitecoin
24,,,,,,,,,,,,2017/05/13,null,,,,,,300738,whitecoin,whitecoin
25,,,,,,,,,,,,2017/05/14,null,,,,,,315952,whitecoin,whitecoin
26,,,,,,,,,,,,2017/05/15,2,,,,,,416401,whitecoin,whitecoin
27,,,,,,,,,,,,2017/05/16,null,,,,,,590075,whitecoin,whitecoin
28,,,,,,,,,,,,2017/05/17,2,,,,,,476843,whitecoin,whitecoin
29,,,,,,,,,,,,2017/05/18,1,,,,,,499665,whitecoin,whitecoin
30,,,,,,,,,,,,2017/05/19,3,,,,,,566994,whitecoin,whitecoin
31,,,,,,,,,,,,2017/05/20,2,,,,,,636497,whitecoin,whitecoin
32,,,,,,,,,,,,2017/05/21,1,,,,,,736215,whitecoin,whitecoin
33,,,,,,,,,,,,2017/05/22,10,,,,,,725725,whitecoin,whitecoin
34,,,,,,,,,,,,2017/05/23,null,,,,,,570557,whitecoin,whitecoin
35,,,,,,,,,,,,2017/05/24,3,,,,,,652437,whitecoin,whitecoin
36,,,,,,,,,,,,2017/05/25,null,,,,,,704370,whitecoin,whitecoin
37,,,,,,,,,,,,2017/05/26,null,,,,,,661335,whitecoin,whitecoin
38,,,,,,,,,,,,2017/05/27,null,,,,,,559415,whitecoin,whitecoin
39,,,,,,,,,,,,2017/05/28,null,,,,,,608403,whitecoin,whitecoin
40,,,,,,,,,,,,2017/05/29,null,,,,,,711493,whitecoin,whitecoin
41,,,,,,,,,,,,2017/05/30,3,,,,,,null,whitecoin,whitecoin
42,,,,,,,,,,,,2017/05/31,null,,,,,,null,whitecoin,whitecoin
43,,,,,,,,,,,,2017/06/01,null,,,,,,1048510,whitecoin,whitecoin
44,,,,,,,,,,,,2017/06/02,null,,,,,,1016830,whitecoin,whitecoin
45,,,,,,,,,,,,2017/06/03,null,,,,,,1180491,whitecoin,whitecoin
46,,,,,,,,,,,,2017/06/04,null,,,,,,1378764,whitecoin,whitecoin
47,,,,,,,,,,,,2017/06/05,null,,,,,,1720748,whitecoin,whitecoin
48,,,,,,,,,,,,2017/06/06,null,,,,,,1984415,whitecoin,whitecoin
49,,,,,,,,,,,,2017/06/07,1,,,,,,2336935,whitecoin,whitecoin
50,,,,,,,,,,,,2017/06/08,6,,,,,,3297172,whitecoin,whitecoin
51,,,,,,,,,,,,2017/06/09,null,,,,,,3427919,whitecoin,whitecoin
52,,,,,,,,,,,,2017/06/10,null,,,,,,3490968,whitecoin,whitecoin
53,,,,,,,,,,,,2017/06/11,5,,,,,,3286496,whitecoin,whitecoin
54,,,,,,,,,,,,2017/06/12,null,,,,,,3151115,whitecoin,whitecoin
55,,,,,,,,,,,,2017/06/13,null,,,,,,3150215,whitecoin,whitecoin
56,,,,,,,,,,,,2017/06/14,null,,,,,,3417685,whitecoin,whitecoin
57,,,,,,,,,,,,2017/06/15,null,,,,,,3089726,whitecoin,whitecoin
58,,,,,,,,,,,,2017/06/16,null,,,,,,3107025,whitecoin,whitecoin
59,,,,,,,,,,,,2017/06/17,null,,,,,,3290620,whitecoin,whitecoin
60,,,,,,,,,,,,2017/06/18,null,,,,,,3177129,whitecoin,whitecoin
61,,,,,,,,,,,,2017/06/19,null,,,,,,2780711,whitecoin,whitecoin
62,,,,,,,,,,,,2017/06/20,null,,,,,,2630976,whitecoin,whitecoin
63,,,,,,,,,,,,2017/06/21,null,,,,,,3008852,whitecoin,whitecoin
64,,,,,,,,,,,,2017/06/22,10,,,,,,3172045,whitecoin,whitecoin
65,,,,,,,,,,,,2017/06/23,1,,,,,,2884983,whitecoin,whitecoin
66,,,,,,,,,,,,2017/06/24,null,,,,,,2760847,whitecoin,whitecoin
67,,,,,,,,,,,,2017/06/25,null,,,,,,2721075,whitecoin,whitecoin
68,,,,,,,,,,,,2017/06/26,null,,,,,,2343344,whitecoin,whitecoin
69,,,,,,,,,,,,2017/06/27,null,,,,,,2118945,whitecoin,whitecoin
70,,,,,,,,,,,,2017/06/28,null,,,,,,2251564,whitecoin,whitecoin
71,,,,,,,,,,,,2017/06/29,null,,,,,,2117020,whitecoin,whitecoin
72,,,,,,,,,,,,2017/06/30,null,,,,,,1915387,whitecoin,whitecoin
73,,,,,,,,,,,,2017/07/01,null,,,,,,1805970,whitecoin,whitecoin
74,,,,,,,,,,,,2017/07/02,null,,,,,,1701546,whitecoin,whitecoin
75,,,,,,,,,,,,2017/07/03,null,,,,,,1966110,whitecoin,whitecoin
76,,,,,,,,,,,,2017/07/04,null,,,,,,2199322,whitecoin,whitecoin
77,,,,,,,,,,,,2017/07/05,null,,,,,,2232591,whitecoin,whitecoin
78,,,,,,,,,,,,2017/07/06,null,,,,,,2117699,whitecoin,whitecoin
79,,,,,,,,,,,,2017/07/07,null,,,,,,1898671,whitecoin,whitecoin
80,,,,,,,,,,,,2017/07/08,null,,,,,,1849729,whitecoin,whitecoin
81,,,,,,,,,,,,2017/07/09,null,,,,,,1924927,whitecoin,whitecoin
82,,,,,,,,,,,,2017/07/10,null,,,,,,1760211,whitecoin,whitecoin
83,,,,,,,,,,,,2017/07/11,null,,,,,,1196200,whitecoin,whitecoin
84,,,,,,,,,,,,2017/07/12,null,,,,,,1171442,whitecoin,whitecoin
85,,,,,,,,,,,,2017/07/13,2,,,,,,1206865,whitecoin,whitecoin
86,,,,,,,,,,,,2017/07/14,2,,,,,,1122723,whitecoin,whitecoin
87,,,,,,,,,,,,2017/07/15,null,,,,,,1000142,whitecoin,whitecoin
88,,,,,,,,,,,,2017/07/16,null,,,,,,904439,whitecoin,whitecoin
89,,,,,,,,,,,,2017/07/17,10,,,,,,1010607,whitecoin,whitecoin
90,,,,,,,,,,,,2017/07/18,3,,,,,,1305533,whitecoin,whitecoin
91,,,,,,,,,,,,2017/07/19,20,,,,,,1439682,whitecoin,whitecoin
92,,,,,,,,,,,,2017/07/20,20,,,,,,1524060,whitecoin,whitecoin
93,,,,,,,,,,,,2017/07/21,8,,,,,,1619999,whitecoin,whitecoin
94,,,,,,,,,,,,2017/07/22,3,,,,,,1660603,whitecoin,whitecoin
95,,,,,,,,,,,,2017/07/23,null,,,,,,1605631,whitecoin,whitecoin
96,,,,,,,,,,,,2017/07/24,null,,,,,,1597356,whitecoin,whitecoin
97,,,,,,,,,,,,2017/07/25,null,,,,,,1482983,whitecoin,whitecoin
98,,,,,,,,,,,,2017/07/26,null,,,,,,1380671,whitecoin,whitecoin
99,,,,,,,,,,,,2017/07/27,null,,,,,,1421722,whitecoin,whitecoin
100,,,,,,,,,,,,2017/07/28,8,,,,,,1416186,whitecoin,whitecoin
101,,,,,,,,,,,,2017/07/29,null,,,,,,1308124,whitecoin,whitecoin
102,,,,,,,,,,,,2017/07/30,null,,,,,,1288120,whitecoin,whitecoin
103,,,,,,,,,,,,2017/07/31,null,,,,,,1280254,whitecoin,whitecoin
104,,,,,,,,,,,,2017/08/01,1,,,,,,1261745,whitecoin,whitecoin
105,,,,,,,,,,,,2017/08/02,null,,,,,,1238217,whitecoin,whitecoin
106,,,,,,,,,,,,2017/08/03,null,,,,,,1238293,whitecoin,whitecoin
107,,,,,,,,,,,,2017/08/04,2,,,,,,1041799,whitecoin,whitecoin
108,,,,,,,,,,,,2017/08/05,null,,,,,,1128566,whitecoin,whitecoin
109,,,,,,,,,,,,2017/08/06,11,,,,,,1612765,whitecoin,whitecoin
110,,,,,,,,,,,,2017/08/07,1,,,,,,1759003,whitecoin,whitecoin
111,,,,,,,,,,,,2017/08/08,null,,,,,,1744992,whitecoin,whitecoin
112,,,,,,,,,,,,2017/08/09,6,,,,,,1720756,whitecoin,whitecoin
113,,,,,,,,,,,,2017/08/10,1,,,,,,1917077,whitecoin,whitecoin
114,,,,,,,,,,,,2017/08/11,null,,,,,,1795437,whitecoin,whitecoin
115,,,,,,,,,,,,2017/08/12,1,,,,,,1768074,whitecoin,whitecoin
116,,,,,,,,,,,,2017/08/13,null,,,,,,1708463,whitecoin,whitecoin
117,,,,,,,,,,,,2017/08/14,null,,,,,,1582229,whitecoin,whitecoin
118,,,,,,,,,,,,2017/08/15,3,,,,,,1557792,whitecoin,whitecoin
119,,,,,,,,,,,,2017/08/16,null,,,,,,1662155,whitecoin,whitecoin
120,,,,,,,,,,,,2017/08/17,4,,,,,,1611813,whitecoin,whitecoin
121,,,,,,,,,,,,2017/08/18,null,,,,,,1490296,whitecoin,whitecoin
122,,,,,,,,,,,,2017/08/19,null,,,,,,1400925,whitecoin,whitecoin
123,,,,,,,,,,,,2017/08/20,1,,,,,,1459948,whitecoin,whitecoin
124,,,,,,,,,,,,2017/08/21,3,,,,,,1506273,whitecoin,whitecoin
125,,,,,,,,,,,,2017/08/22,10,,,,,,1663281,whitecoin,whitecoin
126,,,,,,,,,,,,2017/08/23,9,,,,,,2113758,whitecoin,whitecoin
127,,,,,,,,,,,,2017/08/24,4,,,,,,1940621,whitecoin,whitecoin
128,,,,,,,,,,,,2017/08/25,null,,,,,,1994370,whitecoin,whitecoin
129,,,,,,,,,,,,2017/08/26,2,,,,,,1991596,whitecoin,whitecoin
130,,,,,,,,,,,,2017/08/27,null,,,,,,1935059,whitecoin,whitecoin
131,,,,,,,,,,,,2017/08/28,36,,,,,,2127861,whitecoin,whitecoin
132,,,,,,,,,,,,2017/08/29,1,,,,,,2218116,whitecoin,whitecoin
133,,,,,,,,,,,,2017/08/30,3,,,,,,2186526,whitecoin,whitecoin
134,,,,,,,,,,,,2017/08/31,2,,,,,,2264613,whitecoin,whitecoin
135,,,,,,,,,,,,2017/09/01,18,,,,,,3293016,whitecoin,whitecoin
136,,,,,,,,,,,,2017/09/02,null,,,,,,3049155,whitecoin,whitecoin
137,,,,,,,,,,,,2017/09/03,3,,,,,,2868416,whitecoin,whitecoin
138,,,,,,,,,,,,2017/09/04,null,,,,,,2656069,whitecoin,whitecoin
139,,,,,,,,,,,,2017/09/05,2,,,,,,2477674,whitecoin,whitecoin
140,,,,,,,,,,,,2017/09/06,1,,,,,,2553989,whitecoin,whitecoin
141,,,,,,,,,,,,2017/09/07,23,,,,,,3186365,whitecoin,whitecoin
142,,,,,,,,,,,,2017/09/08,5,,,,,,3348642,whitecoin,whitecoin
143,,,,,,,,,,,,2017/09/09,1,,,,,,2985951,whitecoin,whitecoin
144,,,,,,,,,,,,2017/09/10,5,,,,,,2836593,whitecoin,whitecoin
145,,,,,,,,,,,,2017/09/11,null,,,,,,2913596,whitecoin,whitecoin
146,,,,,,,,,,,,2017/09/12,null,,,,,,2948360,whitecoin,whitecoin
147,,,,,,,,,,,,2017/09/13,1,,,,,,2844597,whitecoin,whitecoin
148,,,,,,,,,,,,2017/09/14,null,,,,,,2816220,whitecoin,whitecoin
149,,,,,,,,,,,,2017/09/15,null,,,,,,2747141,whitecoin,whitecoin
150,,,,,,,,,,,,2017/09/16,null,,,,,,3080337,whitecoin,whitecoin
151,,,,,,,,,,,,2017/09/17,null,,,,,,2946750,whitecoin,whitecoin
152,,,,,,,,,,,,2017/09/18,37,,,,,,3533201,whitecoin,whitecoin
153,,,,,,,,,,,,2017/09/19,50,,,,,,4583506,whitecoin,whitecoin
154,,,,,,,,,,,,2017/09/20,32,,,,,,7356059,whitecoin,whitecoin
155,,,,,,,,,,,,2017/09/21,14,,,,,,6882371,whitecoin,whitecoin
156,,,,,,,,,,,,2017/09/22,4,,,,,,5914531,whitecoin,whitecoin
157,,,,,,,,,,,,2017/09/23,1,,,,,,6551633,whitecoin,whitecoin
158,,,,,,,,,,,,2017/09/24,1,,,,,,6349524,whitecoin,whitecoin
159,,,,,,,,,,,,2017/09/25,1,,,,,,5842450,whitecoin,whitecoin
160,,,,,,,,,,,,2017/09/26,7,,,,,,5400906,whitecoin,whitecoin
161,,,,,,,,,,,,2017/09/27,21,,,,,,5379439,whitecoin,whitecoin
162,,,,,,,,,,,,2017/09/28,15,,,,,,5484252,whitecoin,whitecoin
163,,,,,,,,,,,,2017/09/29,25,,,,,,6533929,whitecoin,whitecoin
164,,,,,,,,,,,,2017/09/30,21,,,,,,7141030,whitecoin,whitecoin
165,,,,,,,,,,,,2017/10/01,9,,,,,,6784958,whitecoin,whitecoin
166,,,,,,,,,,,,2017/10/02,24,,,,,,6563393,whitecoin,whitecoin
167,,,,,,,,,,,,2017/10/03,7,,,,,,5959701,whitecoin,whitecoin
168,,,,,,,,,,,,2017/10/04,1,,,,,,5625972,whitecoin,whitecoin
169,,,,,,,,,,,,2017/10/05,11,,,,,,6247778,whitecoin,whitecoin
170,,,,,,,,,,,,2017/10/06,8,,,,,,6123454,whitecoin,whitecoin
171,,,,,,,,,,,,2017/10/07,4,,,,,,6060953,whitecoin,whitecoin
172,,,,,,,,,,,,2017/10/08,3,,,,,,5865290,whitecoin,whitecoin
173,,,,,,,,,,,,2017/10/09,10,,,,,,5359369,whitecoin,whitecoin
174,,,,,,,,,,,,2017/10/10,7,,,,,,5201596,whitecoin,whitecoin
175,,,,,,,,,,,,2017/10/11,6,,,,,,5811869,whitecoin,whitecoin
176,,,,,,,,,,,,2017/10/12,16,,,,,,6104296,whitecoin,whitecoin
177,,,,,,,,,,,,2017/10/13,11,,,,,,5863421,whitecoin,whitecoin
178,,,,,,,,,,,,2017/10/14,13,,,,,,5640043,whitecoin,whitecoin
179,,,,,,,,,,,,2017/10/15,6,,,,,,5595735,whitecoin,whitecoin
180,,,,,,,,,,,,2017/10/16,18,,,,,,6306376,whitecoin,whitecoin
181,,,,,,,,,,,,2017/10/17,8,,,,,,6333161,whitecoin,whitecoin
182,,,,,,,,,,,,2017/10/18,4,,,,,,6047977,whitecoin,whitecoin
183,,,,,,,,,,,,2017/10/19,5,,,,,,6398922,whitecoin,whitecoin
184,,,,,,,,,,,,2017/10/20,10,,,,,,6813512,whitecoin,whitecoin
185,,,,,,,,,,,,2017/10/21,7,,,,,,5680764,whitecoin,whitecoin
186,,,,,,,,,,,,2017/10/22,13,,,,,,6147448,whitecoin,whitecoin
187,,,,,,,,,,,,2017/10/23,9,,,,,,5935166,whitecoin,whitecoin
188,,,,,,,,,,,,2017/10/24,2,,,,,,6132305,whitecoin,whitecoin
189,,,,,,,,,,,,2017/10/25,4,,,,,,6557331,whitecoin,whitecoin
190,,,,,,,,,,,,2017/10/26,8,,,,,,6767295,whitecoin,whitecoin
191,,,,,,,,,,,,2017/10/27,3,,,,,,6423224,whitecoin,whitecoin
192,,,,,,,,,,,,2017/10/28,4,,,,,,6378333,whitecoin,whitecoin
193,,,,,,,,,,,,2017/10/29,3,,,,,,6455714,whitecoin,whitecoin
194,,,,,,,,,,,,2017/10/30,7,,,,,,7147331,whitecoin,whitecoin
195,,,,,,,,,,,,2017/10/31,4,,,,,,7692221,whitecoin,whitecoin
196,,,,,,,,,,,,2017/11/01,13,,,,,,8434584,whitecoin,whitecoin
197,,,,,,,,,,,,2017/11/02,10,,,,,,9913676,whitecoin,whitecoin
198,,,,,,,,,,,,2017/11/03,6,,,,,,9788208,whitecoin,whitecoin
199,,,,,,,,,,,,2017/11/04,3,,,,,,11484620,whitecoin,whitecoin
200,,,,,,,,,,,,2017/11/05,5,,,,,,13277066,whitecoin,whitecoin
201,,,,,,,,,,,,2017/11/06,2,,,,,,12974460,whitecoin,whitecoin
202,,,,,,,,,,,,2017/11/07,18,,,,,,13011423,whitecoin,whitecoin
203,,,,,,,,,,,,2017/11/08,11,,,,,,12404248,whitecoin,whitecoin
204,,,,,,,,,,,,2017/11/09,5,,,,,,12343247,whitecoin,whitecoin
205,,,,,,,,,,,,2017/11/10,3,,,,,,11562978,whitecoin,whitecoin
206,,,,,,,,,,,,2017/11/11,3,,,,,,10571304,whitecoin,whitecoin
207,,,,,,,,,,,,2017/11/12,5,,,,,,10025648,whitecoin,whitecoin
208,,,,,,,,,,,,2017/11/13,11,,,,,,10600641,whitecoin,whitecoin
209,,,,,,,,,,,,2017/11/14,5,,,,,,10712826,whitecoin,whitecoin
210,,,,,,,,,,,,2017/11/15,11,,,,,,10923569,whitecoin,whitecoin
211,,,,,,,,,,,,2017/11/16,14,,,,,,11702479,whitecoin,whitecoin
212,,,,,,,,,,,,2017/11/17,19,,,,,,14902265,whitecoin,whitecoin
213,,,,,,,,,,,,2017/11/18,13,,,,,,14394730,whitecoin,whitecoin
214,,,,,,,,,,,,2017/11/19,8,,,,,,13992162,whitecoin,whitecoin
215,,,,,,,,,,,,2017/11/20,6,,,,,,13752148,whitecoin,whitecoin
216,,,,,,,,,,,,2017/11/21,5,,,,,,13791101,whitecoin,whitecoin
217,,,,,,,,,,,,2017/11/22,25,,,,,,14144496,whitecoin,whitecoin
218,,,,,,,,,,,,2017/11/23,14,,,,,,13950315,whitecoin,whitecoin
219,,,,,,,,,,,,2017/11/24,6,,,,,,13414372,whitecoin,whitecoin
220,,,,,,,,,,,,2017/11/25,7,,,,,,13607593,whitecoin,whitecoin
221,,,,,,,,,,,,2017/11/26,5,,,,,,14705966,whitecoin,whitecoin
222,,,,,,,,,,,,2017/11/27,14,,,,,,15697636,whitecoin,whitecoin
223,,,,,,,,,,,,2017/11/28,15,,,,,,15621990,whitecoin,whitecoin
224,,,,,,,,,,,,2017/11/29,11,,,,,,17307835,whitecoin,whitecoin
225,,,,,,,,,,,,2017/11/30,9,,,,,,17809983,whitecoin,whitecoin
226,,,,,,,,,,,,2017/12/01,21,,,,,,19944932,whitecoin,whitecoin
227,,,,,,,,,,,,2017/12/02,9,,,,,,22405224,whitecoin,whitecoin
228,,,,,,,,,,,,2017/12/03,29,,,,,,27293349,whitecoin,whitecoin
229,,,,,,,,,,,,2017/12/04,12,,,,,,34551062,whitecoin,whitecoin
230,,,,,,,,,,,,2017/12/05,11,,,,,,33588233,whitecoin,whitecoin
231,,,,,,,,,,,,2017/12/06,7,,,,,,38952876,whitecoin,whitecoin
232,,,,,,,,,,,,2017/12/07,18,,,,,,36475406,whitecoin,whitecoin
233,,,,,,,,,,,,2017/12/08,18,,,,,,32930899,whitecoin,whitecoin
234,,,,,,,,,,,,2017/12/09,21,,,,,,32901779,whitecoin,whitecoin
235,,,,,,,,,,,,2017/12/10,16,,,,,,33158591,whitecoin,whitecoin
236,,,,,,,,,,,,2017/12/11,10,,,,,,35558220,whitecoin,whitecoin
237,,,,,,,,,,,,2017/12/12,21,,,,,,35674186,whitecoin,whitecoin
238,,,,,,,,,,,,2017/12/13,19,,,,,,39196701,whitecoin,whitecoin
239,,,,,,,,,,,,2017/12/14,10,,,,,,40221127,whitecoin,whitecoin
240,,,,,,,,,,,,2017/12/15,13,,,,,,40670919,whitecoin,whitecoin
241,,,,,,,,,,,,2017/12/16,14,,,,,,47426857,whitecoin,whitecoin
242,,,,,,,,,,,,2017/12/17,7,,,,,,55240478,whitecoin,whitecoin
243,,,,,,,,,,,,2017/12/18,10,,,,,,55216396,whitecoin,whitecoin
244,,,,,,,,,,,,2017/12/19,17,,,,,,58747835,whitecoin,whitecoin
245,,,,,,,,,,,,2017/12/20,6,,,,,,54477778,whitecoin,whitecoin
246,,,,,,,,,,,,2017/12/21,6,,,,,,58012341,whitecoin,whitecoin
247,,,,,,,,,,,,2017/12/22,6,,,,,,50356722,whitecoin,whitecoin
248,,,,,,,,,,,,2017/12/23,13,,,,,,55973567,whitecoin,whitecoin
249,,,,,,,,,,,,2017/12/24,7,,,,,,54594308,whitecoin,whitecoin
250,,,,,,,,,,,,2017/12/25,7,,,,,,58938769,whitecoin,whitecoin
251,,,,,,,,,,,,2017/12/26,6,,,,,,66269924,whitecoin,whitecoin
252,,,,,,,,,,,,2017/12/27,14,,,,,,66127883,whitecoin,whitecoin
253,,,,,,,,,,,,2017/12/28,6,,,,,,57504092,whitecoin,whitecoin
254,,,,,,,,,,,,2017/12/29,8,,,,,,54911378,whitecoin,whitecoin
255,,,,,,,,,,,,2017/12/30,17,,,,,,45203515,whitecoin,whitecoin
256,,,,,,,,,,,,2017/12/31,16,,,,,,46801047,whitecoin,whitecoin
257,,,,,,,,,,,,2018/01/01,7,,,,,,53114721,whitecoin,whitecoin
258,,,,,,,,,,,,2018/01/02,5,,,,,,55105206,whitecoin,whitecoin
259,,,,,,,,,,,,2018/01/03,8,,,,,,53083436,whitecoin,whitecoin
260,,,,,,,,,,,,2018/01/04,7,,,,,,53785905,whitecoin,whitecoin
261,,,,,,,,,,,,2018/01/05,8,,,,,,42946428,whitecoin,whitecoin
262,,,,,,,,,,,,2018/01/06,8,,,,,,56531177,whitecoin,whitecoin
263,,,,,,,,,,,,2018/01/07,9,,,,,,59097732,whitecoin,whitecoin
264,,,,,,,,,,,,2018/01/08,null,,,,,,55014488,whitecoin,whitecoin
265,,,,,,,,,,,,2018/01/09,null,,,,,,56464339,whitecoin,whitecoin
266,,,,,,,,,,,,2018/01/10,null,,,,,,24902771,whitecoin,whitecoin
267,,,,,,,,,,,,2018/01/11,null,,,,,,48748402,whitecoin,whitecoin
268,,,,,,,,,,,,2018/01/12,null,,,,,,49800657,whitecoin,whitecoin
269,,,,,,,,,,,,2018/01/13,null,,,,,,52129785,whitecoin,whitecoin
270,,,,,,,,,,,,2018/01/14,null,,,,,,47739501,whitecoin,whitecoin
271,,,,,,,,,,,,2018/01/15,null,,,,,,58705850,whitecoin,whitecoin
272,,,,,,,,,,,,2018/01/16,null,,,,,,65869760,whitecoin,whitecoin
273,,,,,,,,,,,,2018/01/17,null,,,,,,46302699,whitecoin,whitecoin
274,,,,,,,,,,,,2018/01/18,null,,,,,,54823357,whitecoin,whitecoin
275,,,,,,,,,,,,2018/01/19,null,,,,,,50308618,whitecoin,whitecoin
276,,,,,,,,,,,,2018/01/20,null,,,,,,51826625,whitecoin,whitecoin
277,,,,,,,,,,,,2018/01/21,null,,,,,,47934011,whitecoin,whitecoin
278,,,,,,,,,,,,2018/01/22,null,,,,,,44369305,whitecoin,whitecoin
279,,,,,,,,,,,,2018/01/23,null,,,,,,42597890,whitecoin,whitecoin
280,,,,,,,,,,,,2018/01/24,null,,,,,,42381868,whitecoin,whitecoin
281,,,,,,,,,,,,2018/01/25,null,,,,,,41718624,whitecoin,whitecoin
282,,,,,,,,,,,,2018/01/26,null,,,,,,39791141,whitecoin,whitecoin
283,,,,,,,,,,,,2018/01/27,null,,,,,,41881114,whitecoin,whitecoin
284,,,,,,,,,,,,2018/01/28,null,,,,,,44151621,whitecoin,whitecoin
285,,,,,,,,,,,,2018/01/29,null,,,,,,43955872,whitecoin,whitecoin
286,,,,,,,,,,,,2018/01/30,null,,,,,,40607883,whitecoin,whitecoin
287,,,,,,,,,,,,2018/01/31,null,,,,,,36125071,whitecoin,whitecoin
288,,,,,,,,,,,,2018/02/01,null,,,,,,34642658,whitecoin,whitecoin
289,,,,,,,,,,,,2018/02/02,null,,,,,,30915148,whitecoin,whitecoin
290,,,,,,,,,,,,2018/02/03,null,,,,,,30892402,whitecoin,whitecoin
291,,,,,,,,,,,,2018/02/04,null,,,,,,29710112,whitecoin,whitecoin
292,,,,,,,,,,,,2018/02/05,null,,,,,,24755469,whitecoin,whitecoin
293,,,,,,,,,,,,2018/02/06,null,,,,,,20723004,whitecoin,whitecoin
294,,,,,,,,,,,,2018/02/07,null,,,,,,24195205,whitecoin,whitecoin
295,,,,,,,,,,,,2018/02/08,null,,,,,,25428668,whitecoin,whitecoin
296,,,,,,,,,,,,2018/02/09,null,,,,,,29082055,whitecoin,whitecoin
297,,,,,,,,,,,,2018/02/10,null,,,,,,32188220,whitecoin,whitecoin
298,,,,,,,,,,,,2018/02/11,null,,,,,,33087091,whitecoin,whitecoin
299,,,,,,,,,,,,2018/02/12,null,,,,,,34010777,whitecoin,whitecoin
300,,,,,,,,,,,,2018/02/13,null,,,,,,32009129,whitecoin,whitecoin
301,,,,,,,,,,,,2018/02/14,null,,,,,,30026632,whitecoin,whitecoin
302,,,,,,,,,,,,2018/02/15,null,,,,,,33127433,whitecoin,whitecoin
303,,,,,,,,,,,,2018/02/16,null,,,,,,35690010,whitecoin,whitecoin
304,,,,,,,,,,,,2018/02/17,null,,,,,,39551995,whitecoin,whitecoin
305,,,,,,,,,,,,2018/02/18,null,,,,,,38227029,whitecoin,whitecoin
306,,,,,,,,,,,,2018/02/19,null,,,,,,37887705,whitecoin,whitecoin
307,,,,,,,,,,,,2018/02/20,null,,,,,,38664000,whitecoin,whitecoin
308,,,,,,,,,,,,2018/02/21,null,,,,,,36076801,whitecoin,whitecoin
309,,,,,,,,,,,,2018/02/22,null,,,,,,33262655,whitecoin,whitecoin
310,,,,,,,,,,,,2018/02/23,null,,,,,,31783470,whitecoin,whitecoin
311,,,,,,,,,,,,2018/02/24,null,,,,,,31366794,whitecoin,whitecoin
312,,,,,,,,,,,,2018/02/25,null,,,,,,31741162,whitecoin,whitecoin
313,,,,,,,,,,,,2018/02/26,null,,,,,,32311091,whitecoin,whitecoin
314,,,,,,,,,,,,2018/02/27,null,,,,,,33845851,whitecoin,whitecoin
315,,,,,,,,,,,,2018/02/28,null,,,,,,30334563,whitecoin,whitecoin
316,,,,,,,,,,,,2018/03/01,null,,,,,,31640505,whitecoin,whitecoin
317,,,,,,,,,,,,2018/03/02,null,,,,,,33195230,whitecoin,whitecoin
318,,,,,,,,,,,,2018/03/03,null,,,,,,33666236,whitecoin,whitecoin
319,,,,,,,,,,,,2018/03/04,null,,,,,,15078511,whitecoin,whitecoin
320,,,,,,,,,,,,2018/03/05,null,,,,,,21112741,whitecoin,whitecoin
321,,,,,,,,,,,,2018/03/06,null,,,,,,32989181,whitecoin,whitecoin
322,,,,,,,,,,,,2018/03/07,null,,,,,,30906973,whitecoin,whitecoin
323,,,,,,,,,,,,2018/03/08,null,,,,,,27627783,whitecoin,whitecoin
324,,,,,,,,,,,,2018/03/09,null,,,,,,24761478,whitecoin,whitecoin
325,,,,,,,,,,,,2018/03/10,null,,,,,,26194764,whitecoin,whitecoin
326,,,,,,,,,,,,2018/03/11,null,,,,,,25906839,whitecoin,whitecoin
327,,,,,,,,,,,,2018/03/12,null,,,,,,27201342,whitecoin,whitecoin
328,,,,,,,,,,,,2018/03/13,null,,,,,,25539196,whitecoin,whitecoin
329,,,,,,,,,,,,2018/03/14,null,,,,,,24120888,whitecoin,whitecoin
330,,,,,,,,,,,,2018/03/15,null,,,,,,20626505,whitecoin,whitecoin
331,,,,,,,,,,,,2018/03/16,null,,,,,,21076707,whitecoin,whitecoin
332,,,,,,,,,,,,2018/03/17,null,,,,,,22543688,whitecoin,whitecoin
333,,,,,,,,,,,,2018/03/18,null,,,,,,21756813,whitecoin,whitecoin
334,,,,,,,,,,,,2018/03/19,null,,,,,,23777183,whitecoin,whitecoin
335,,,,,,,,,,,,2018/03/20,null,,,,,,22516962,whitecoin,whitecoin
336,,,,,,,,,,,,2018/03/21,null,,,,,,4800351,whitecoin,whitecoin
337,,,,,,,,,,,,2018/03/22,null,,,,,,16069585,whitecoin,whitecoin
338,,,,,,,,,,,,2018/03/23,null,,,,,,22021796,whitecoin,whitecoin
339,,,,,,,,,,,,2018/03/24,null,,,,,,22160517,whitecoin,whitecoin
340,,,,,,,,,,,,2018/03/25,null,,,,,,20697464,whitecoin,whitecoin
341,,,,,,,,,,,,2018/03/26,null,,,,,,20544953,whitecoin,whitecoin
342,,,,,,,,,,,,2018/03/27,null,,,,,,20258832,whitecoin,whitecoin
343,,,,,,,,,,,,2018/03/28,null,,,,,,19852713,whitecoin,whitecoin
344,,,,,,,,,,,,2018/03/29,null,,,,,,18482071,whitecoin,whitecoin
345,,,,,,,,,,,,2018/03/30,null,,,,,,17039725,whitecoin,whitecoin
346,,,,,,,,,,,,2018/03/31,null,,,,,,17240871,whitecoin,whitecoin
347,,,,,,,,,,,,2018/04/01,null,,,,,,15323031,whitecoin,whitecoin
348,,,,,,,,,,,,2018/04/02,null,,,,,,15657132,whitecoin,whitecoin
349,,,,,,,,,,,,2018/04/03,null,,,,,,16369744,whitecoin,whitecoin
350,,,,,,,,,,,,2018/04/04,null,,,,,,15754025,whitecoin,whitecoin
351,,,,,,,,,,,,2018/04/05,null,,,,,,15348066,whitecoin,whitecoin
352,,,,,,,,,,,,2018/04/06,null,,,,,,15136764,whitecoin,whitecoin
353,,,,,,,,,,,,2018/04/07,4,,,,,,15775127,whitecoin,whitecoin
354,,,,,,,,,,,,2018/04/08,1,,,,,,16801925,whitecoin,whitecoin
355,,,,,,,,,,,,2018/04/09,2,,,,,,16115678,whitecoin,whitecoin
356,,,,,,,,,,,,2018/04/10,3,,,,,,16014641,whitecoin,whitecoin
357,,,,,,,,,,,,2018/04/11,null,,,,,,16195864,whitecoin,whitecoin
358,,,,,,,,,,,,2018/04/12,3,,,,,,17811525,whitecoin,whitecoin
359,,,,,,,,,,,,2018/04/13,1,,,,,,19770182,whitecoin,whitecoin
360,,,,,,,,,,,,2018/04/14,2,,,,,,19740842,whitecoin,whitecoin
361,,,,,,,,,,,,2018/04/15,null,,,,,,20736150,whitecoin,whitecoin
362,,,,,,,,,,,,2018/04/16,null,,,,,,20943477,whitecoin,whitecoin
363,,,,,,,,,,,,2018/04/17,null,,,,,,19611602,whitecoin,whitecoin
364,,,,,,,,,,,,2018/04/18,null,,,,,,19938683,whitecoin,whitecoin
365,,,,,,,,,,,,2018/04/19,null,,,,,,20809599,whitecoin,whitecoin
366,,,,,,,,,,,,2018/04/20,1,,,,,,21044585,whitecoin,whitecoin
367,,,,,,,,,,,,2018/04/21,9,,,,,,17849936,whitecoin,whitecoin
368,,,,,,,,,,,,2018/04/22,10,,,,,,6709197,whitecoin,whitecoin
369,,,,,,,,,,,,2018/04/23,2,,,,,,18660385,whitecoin,whitecoin
370,,,,,,,,,,,,2018/04/24,11,,,,,,17155698,whitecoin,whitecoin
371,,,,,,,,,,,,2018/04/25,2,,,,,,15213426,whitecoin,whitecoin
372,,,,,,,,,,,,2018/04/26,2,,,,,,12832617,whitecoin,whitecoin
373,,,,,,,,,,,,2018/04/27,1,,,,,,18295760,whitecoin,whitecoin
374,,,,,,,,,,,,2018/04/28,null,,,,,,18447447,whitecoin,whitecoin
375,,,,,,,,,,,,2018/04/29,null,,,,,,17466699,whitecoin,whitecoin
376,,,,,,,,,,,,2018/04/30,null,,,,,,17209197,whitecoin,whitecoin
377,,,,,,,,,,,,2018/05/01,null,,,,,,16530516,whitecoin,whitecoin
378,,,,,,,,,,,,2018/05/02,5,,,,,,16678620,whitecoin,whitecoin
379,,,,,,,,,,,,2018/05/03,4,,,,,,17663521,whitecoin,whitecoin
380,,,,,,,,,,,,2018/05/04,null,,,,,,17634731,whitecoin,whitecoin
381,,,,,,,,,,,,2018/05/05,null,,,,,,17723696,whitecoin,whitecoin
382,,,,,,,,,,,,2018/05/06,2,,,,,,17017973,whitecoin,whitecoin
383,,,,,,,,,,,,2018/05/07,1,,,,,,16231735,whitecoin,whitecoin
384,,,,,,,,,,,,2018/05/08,null,,,,,,16228469,whitecoin,whitecoin
385,,,,,,,,,,,,2018/05/09,2,,,,,,16062209,whitecoin,whitecoin
386,,,,,,,,,,,,2018/05/10,2,,,,,,16255380,whitecoin,whitecoin
387,,,,,,,,,,,,2018/05/11,4,,,,,,14913408,whitecoin,whitecoin
388,,,,,,,,,,,,2018/05/12,null,,,,,,14585026,whitecoin,whitecoin
389,,,,,,,,,,,,2018/05/13,2,,,,,,14900550,whitecoin,whitecoin
390,,,,,,,,,,,,2018/05/14,5,,,,,,15209826,whitecoin,whitecoin
391,,,,,,,,,,,,2018/05/15,null,,,,,,16614893,whitecoin,whitecoin
392,,,,,,,,,,,,2018/05/16,2,,,,,,18388816,whitecoin,whitecoin
393,,,,,,,,,,,,2018/05/17,8,,,,,,21602595,whitecoin,whitecoin
394,,,,,,,,,,,,2018/05/18,7,,,,,,26182286,whitecoin,whitecoin
395,,,,,,,,,,,,2018/05/19,2,,,,,,30079328,whitecoin,whitecoin
396,,,,,,,,,,,,2018/05/20,3,,,,,,28638330,whitecoin,whitecoin
397,,,,,,,,,,,,2018/05/21,null,,,,,,33620015,whitecoin,whitecoin
398,,,,,,,,,,,,2018/05/22,null,,,,,,33850886,whitecoin,whitecoin
399,,,,,,,,,,,,2018/05/23,4,,,,,,35937555,whitecoin,whitecoin
400,,,,,,,,,,,,2018/05/24,7,,,,,,38531308,whitecoin,whitecoin
401,,,,,,,,,,,,2018/05/25,3,,,,,,35423483,whitecoin,whitecoin
402,,,,,,,,,,,,2018/05/26,2,,,,,,34258900,whitecoin,whitecoin
403,,,,,,,,,,,,2018/05/27,null,,,,,,35166967,whitecoin,whitecoin
404,,,,,,,,,,,,2018/05/28,null,,,,,,32462312,whitecoin,whitecoin
405,,,,,,,,,,,,2018/05/29,2,,,,,,29396279,whitecoin,whitecoin
406,,,,,,,,,,,,2018/05/30,1,,,,,,31474211,whitecoin,whitecoin
407,,,,,,,,,,,,2018/05/31,15,,,,,,32146491,whitecoin,whitecoin
408,,,,,,,,,,,,2018/06/01,11,,,,,,31548365,whitecoin,whitecoin
409,,,,,,,,,,,,2018/06/02,6,,,,,,31644139,whitecoin,whitecoin
410,,,,,,,,,,,,2018/06/03,4,,,,,,33224936,whitecoin,whitecoin
411,,,,,,,,,,,,2018/06/04,2,,,,,,31872307,whitecoin,whitecoin
412,,,,,,,,,,,,2018/06/05,2,,,,,,30980034,whitecoin,whitecoin
413,,,,,,,,,,,,2018/06/06,10,,,,,,32101163,whitecoin,whitecoin
414,,,,,,,,,,,,2018/06/07,null,,,,,,32255016,whitecoin,whitecoin
415,,,,,,,,,,,,2018/06/08,1,,,,,,31430342,whitecoin,whitecoin
416,,,,,,,,,,,,2018/06/09,null,,,,,,31215502,whitecoin,whitecoin
417,,,,,,,,,,,,2018/06/10,null,,,,,,28062471,whitecoin,whitecoin
418,,,,,,,,,,,,2018/06/11,7,,,,,,25606578,whitecoin,whitecoin
419,,,,,,,,,,,,2018/06/12,5,,,,,,26808755,whitecoin,whitecoin
420,,,,,,,,,,,,2018/06/13,2,,,,,,25532895,whitecoin,whitecoin
421,,,,,,,,,,,,2018/06/14,1,,,,,,26105368,whitecoin,whitecoin
422,,,,,,,,,,,,2018/06/15,5,,,,,,25466756,whitecoin,whitecoin
423,,,,,,,,,,,,2018/06/16,2,,,,,,25299632,whitecoin,whitecoin
424,,,,,,,,,,,,2018/06/17,null,,,,,,24949020,whitecoin,whitecoin
425,,,,,,,,,,,,2018/06/18,5,,,,,,23563009,whitecoin,whitecoin
426,,,,,,,,,,,,2018/06/19,5,,,,,,22754843,whitecoin,whitecoin
427,,,,,,,,,,,,2018/06/20,null,,,,,,22333922,whitecoin,whitecoin
428,,,,,,,,,,,,2018/06/21,8,,,,,,22177935,whitecoin,whitecoin
429,,,,,,,,,,,,2018/06/22,4,,,,,,21134908,whitecoin,whitecoin
430,,,,,,,,,,,,2018/06/23,null,,,,,,20664737,whitecoin,whitecoin
431,,,,,,,,,,,,2018/06/24,null,,,,,,20333302,whitecoin,whitecoin
432,,,,,,,,,,,,2018/06/25,3,,,,,,21776390,whitecoin,whitecoin
433,,,,,,,,,,,,2018/06/26,1,,,,,,21593813,whitecoin,whitecoin
434,,,,,,,,,,,,2018/06/27,2,,,,,,21315922,whitecoin,whitecoin
435,,,,,,,,,,,,2018/06/28,6,,,,,,22056583,whitecoin,whitecoin
436,,,,,,,,,,,,2018/06/29,5,,,,,,22188758,whitecoin,whitecoin
437,,,,,,,,,,,,2018/06/30,1,,,,,,5388721,whitecoin,whitecoin
438,,,,,,,,,,,,2018/07/01,null,,,,,,5419211,whitecoin,whitecoin
439,,,,,,,,,,,,2018/07/02,4,,,,,,19347972,whitecoin,whitecoin
440,,,,,,,,,,,,2018/07/03,11,,,,,,28661492,whitecoin,whitecoin
441,,,,,,,,,,,,2018/07/04,6,,,,,,28215136,whitecoin,whitecoin
442,,,,,,,,,,,,2018/07/05,5,,,,,,28297842,whitecoin,whitecoin
443,,,,,,,,,,,,2018/07/06,1,,,,,,28516966,whitecoin,whitecoin
444,,,,,,,,,,,,2018/07/07,null,,,,,,28606351,whitecoin,whitecoin
445,,,,,,,,,,,,2018/07/08,1,,,,,,29007785,whitecoin,whitecoin
446,,,,,,,,,,,,2018/07/09,12,,,,,,29084422,whitecoin,whitecoin
447,,,,,,,,,,,,2018/07/10,7,,,,,,27712644,whitecoin,whitecoin
448,,,,,,,,,,,,2018/07/11,2,,,,,,27407667,whitecoin,whitecoin
449,,,,,,,,,,,,2018/07/12,2,,,,,,26535615,whitecoin,whitecoin
450,,,,,,,,,,,,2018/07/13,6,,,,,,26528860,whitecoin,whitecoin
451,,,,,,,,,,,,2018/07/14,1,,,,,,26776948,whitecoin,whitecoin
452,,,,,,,,,,,,2018/07/15,2,,,,,,27405874,whitecoin,whitecoin
453,,,,,,,,,,,,2018/07/16,1,,,,,,28268936,whitecoin,whitecoin
454,,,,,,,,,,,,2018/07/17,1,,,,,,30286443,whitecoin,whitecoin
455,,,,,,,,,,,,2018/07/18,4,,,,,,33086130,whitecoin,whitecoin
456,,,,,,,,,,,,2018/07/19,12,,,,,,38500332,whitecoin,whitecoin
457,,,,,,,,,,,,2018/07/20,1,,,,,,38814968,whitecoin,whitecoin
458,,,,,,,,,,,,2018/07/21,null,,,,,,37395214,whitecoin,whitecoin
459,,,,,,,,,,,,2018/07/22,null,,,,,,37963675,whitecoin,whitecoin
460,,,,,,,,,,,,2018/07/23,1,,,,,,37881564,whitecoin,whitecoin
461,,,,,,,,,,,,2018/07/24,1,,,,,,37716784,whitecoin,whitecoin
462,,,,,,,,,,,,2018/07/25,2,,,,,,36292754,whitecoin,whitecoin
463,,,,,,,,,,,,2018/07/26,1,,,,,,34756055,whitecoin,whitecoin
464,,,,,,,,,,,,2018/07/27,null,,,,,,31511285,whitecoin,whitecoin
465,,,,,,,,,,,,2018/07/28,1,,,,,,32213210,whitecoin,whitecoin
466,,,,,,,,,,,,2018/07/29,1,,,,,,31897492,whitecoin,whitecoin
467,,,,,,,,,,,,2018/07/30,2,,,,,,31247803,whitecoin,whitecoin
468,,,,,,,,,,,,2018/07/31,null,,,,,,30945897,whitecoin,whitecoin
469,,,,,,,,,,,,2018/08/01,2,,,,,,29802774,whitecoin,whitecoin
470,,,,,,,,,,,,2018/08/02,4,,,,,,28967520,whitecoin,whitecoin
471,,,,,,,,,,,,2018/08/03,1,,,,,,28198395,whitecoin,whitecoin
472,,,,,,,,,,,,2018/08/04,null,,,,,,27148129,whitecoin,whitecoin
473,,,,,,,,,,,,2018/08/05,null,,,,,,26033853,whitecoin,whitecoin
474,,,,,,,,,,,,2018/08/06,2,,,,,,26463576,whitecoin,whitecoin
475,,,,,,,,,,,,2018/08/07,null,,,,,,25909645,whitecoin,whitecoin
476,,,,,,,,,,,,2018/08/08,null,,,,,,22909337,whitecoin,whitecoin
477,,,,,,,,,,,,2018/08/09,null,,,,,,23225168,whitecoin,whitecoin
478,,,,,,,,,,,,2018/08/10,2,,,,,,23991960,whitecoin,whitecoin
479,,,,,,,,,,,,2018/08/11,2,,,,,,22722897,whitecoin,whitecoin
480,,,,,,,,,,,,2018/08/12,null,,,,,,23149364,whitecoin,whitecoin
481,,,,,,,,,,,,2018/08/13,3,,,,,,22727235,whitecoin,whitecoin
482,,,,,,,,,,,,2018/08/14,4,,,,,,21374037,whitecoin,whitecoin
483,,,,,,,,,,,,2018/08/15,1,,,,,,20827832,whitecoin,whitecoin
484,,,,,,,,,,,,2018/08/16,1,,,,,,20741405,whitecoin,whitecoin
485,,,,,,,,,,,,2018/08/17,8,,,,,,22195281,whitecoin,whitecoin
486,,,,,,,,,,,,2018/08/18,null,,,,,,23509630,whitecoin,whitecoin
487,,,,,,,,,,,,2018/08/19,1,,,,,,23672761,whitecoin,whitecoin
488,,,,,,,,,,,,2018/08/20,1,,,,,,23375495,whitecoin,whitecoin
489,,,,,,,,,,,,2018/08/21,null,,,,,,23296514,whitecoin,whitecoin
490,,,,,,,,,,,,2018/08/22,null,,,,,,23404374,whitecoin,whitecoin
491,,,,,,,,,,,,2018/08/23,null,,,,,,22438607,whitecoin,whitecoin
492,,,,,,,,,,,,2018/08/24,null,,,,,,22224507,whitecoin,whitecoin
493,,,,,,,,,,,,2018/08/25,null,,,,,,22600474,whitecoin,whitecoin
494,,,,,,,,,,,,2018/08/26,null,,,,,,22337003,whitecoin,whitecoin
495,,,,,,,,,,,,2018/08/27,null,,,,,,22586760,whitecoin,whitecoin
496,,,,,,,,,,,,2018/08/28,2,,,,,,24067642,whitecoin,whitecoin
497,,,,,,,,,,,,2018/08/29,null,,,,,,24648350,whitecoin,whitecoin
498,,,,,,,,,,,,2018/08/30,null,,,,,,26943213,whitecoin,whitecoin
499,,,,,,,,,,,,2018/08/31,null,,,,,,26969987,whitecoin,whitecoin
500,,,,,,,,,,,,2018/09/01,null,,,,,,26764423,whitecoin,whitecoin
501,,,,,,,,,,,,2018/09/02,null,,,,,,28040358,whitecoin,whitecoin
502,,,,,,,,,,,,2018/09/03,null,,,,,,27561255,whitecoin,whitecoin
503,,,,,,,,,,,,2018/09/04,1,,,,,,28387314,whitecoin,whitecoin
504,,,,,,,,,,,,2018/09/05,2,,,,,,27916020,whitecoin,whitecoin
505,,,,,,,,,,,,2018/09/06,2,,,,,,26612045,whitecoin,whitecoin
506,,,,,,,,,,,,2018/09/07,1,,,,,,25504614,whitecoin,whitecoin
507,,,,,,,,,,,,2018/09/08,null,,,,,,25363006,whitecoin,whitecoin
508,,,,,,,,,,,,2018/09/09,1,,,,,,24588717,whitecoin,whitecoin
509,,,,,,,,,,,,2018/09/10,4,,,,,,24221539,whitecoin,whitecoin
510,,,,,,,,,,,,2018/09/11,null,,,,,,23735311,whitecoin,whitecoin
511,,,,,,,,,,,,2018/09/12,null,,,,,,23377984,whitecoin,whitecoin
512,,,,,,,,,,,,2018/09/13,null,,,,,,22965320,whitecoin,whitecoin
513,,,,,,,,,,,,2018/09/14,2,,,,,,23331293,whitecoin,whitecoin
514,,,,,,,,,,,,2018/09/15,2,,,,,,22801316,whitecoin,whitecoin
515,,,,,,,,,,,,2018/09/16,1,,,,,,22823792,whitecoin,whitecoin
516,,,,,,,,,,,,2018/09/17,null,,,,,,22524825,whitecoin,whitecoin
517,,,,,,,,,,,,2018/09/18,null,,,,,,22067099,whitecoin,whitecoin
518,,,,,,,,,,,,2018/09/19,null,,,,,,22049458,whitecoin,whitecoin
519,,,,,,,,,,,,2018/09/20,1,,,,,,22008372,whitecoin,whitecoin
520,,,,,,,,,,,,2018/09/21,null,,,,,,23276754,whitecoin,whitecoin
521,,,,,,,,,,,,2018/09/22,null,,,,,,23421242,whitecoin,whitecoin
522,,,,,,,,,,,,2018/09/23,null,,,,,,23811984,whitecoin,whitecoin
523,,,,,,,,,,,,2018/09/24,null,,,,,,23761360,whitecoin,whitecoin
524,,,,,,,,,,,,2018/09/25,null,,,,,,22670412,whitecoin,whitecoin
525,,,,,,,,,,,,2018/09/26,null,,,,,,22972587,whitecoin,whitecoin
526,,,,,,,,,,,,2018/09/27,null,,,,,,22727520,whitecoin,whitecoin
527,,,,,,,,,,,,2018/09/28,2,,,,,,22880875,whitecoin,whitecoin
528,,,,,,,,,,,,2018/09/29,2,,,,,,22531390,whitecoin,whitecoin
529,,,,,,,,,,,,2018/09/30,3,,,,,,22416669,whitecoin,whitecoin
530,,,,,,,,,,,,2018/10/01,null,,,,,,20914201,whitecoin,whitecoin
531,,,,,,,,,,,,2018/10/02,null,,,,,,22512238,whitecoin,whitecoin
532,,,,,,,,,,,,2018/10/03,3,,,,,,22237937,whitecoin,whitecoin
533,,,,,,,,,,,,2018/10/04,null,,,,,,22336761,whitecoin,whitecoin
534,,,,,,,,,,,,2018/10/05,null,,,,,,22073402,whitecoin,whitecoin
535,,,,,,,,,,,,2018/10/06,null,,,,,,21615871,whitecoin,whitecoin
536,,,,,,,,,,,,2018/10/07,null,,,,,,21155756,whitecoin,whitecoin
537,,,,,,,,,,,,2018/10/08,null,,,,,,21355856,whitecoin,whitecoin
538,,,,,,,,,,,,2018/10/09,null,,,,,,21252821,whitecoin,whitecoin
539,,,,,,,,,,,,2018/10/10,null,,,,,,20938902,whitecoin,whitecoin
540,,,,,,,,,,,,2018/10/11,null,,,,,,18642646,whitecoin,whitecoin
541,,,,,,,,,,,,2018/10/12,5,,,,,,19580530,whitecoin,whitecoin
542,,,,,,,,,,,,2018/10/13,4,,,,,,19319104,whitecoin,whitecoin
543,,,,,,,,,,,,2018/10/14,null,,,,,,19373391,whitecoin,whitecoin
544,,,,,,,,,,,,2018/10/15,2,,,,,,19314775,whitecoin,whitecoin
545,,,,,,,,,,,,2018/10/16,null,,,,,,18969736,whitecoin,whitecoin
546,,,,,,,,,,,,2018/10/17,1,,,,,,19281072,whitecoin,whitecoin
547,,,,,,,,,,,,2018/10/18,null,,,,,,17701252,whitecoin,whitecoin
548,,,,,,,,,,,,2018/10/19,null,,,,,,17893136,whitecoin,whitecoin
549,,,,,,,,,,,,2018/10/20,null,,,,,,18013678,whitecoin,whitecoin
550,,,,,,,,,,,,2018/10/21,null,,,,,,17940855,whitecoin,whitecoin
551,,,,,,,,,,,,2018/10/22,null,,,,,,17219731,whitecoin,whitecoin
552,,,,,,,,,,,,2018/10/23,null,,,,,,17846224,whitecoin,whitecoin
553,,,,,,,,,,,,2018/10/24,null,,,,,,17888726,whitecoin,whitecoin
554,,,,,,,,,,,,2018/10/25,null,,,,,,17482166,whitecoin,whitecoin
555,,,,,,,,,,,,2018/10/26,1,,,,,,17243079,whitecoin,whitecoin
556,,,,,,,,,,,,2018/10/27,null,,,,,,17221621,whitecoin,whitecoin
557,,,,,,,,,,,,2018/10/28,null,,,,,,17048640,whitecoin,whitecoin
558,,,,,,,,,,,,2018/10/29,null,,,,,,17070280,whitecoin,whitecoin
559,,,,,,,,,,,,2018/10/30,2,,,,,,16472630,whitecoin,whitecoin
560,,,,,,,,,,,,2018/10/31,null,,,,,,16099652,whitecoin,whitecoin
561,,,,,,,,,,,,2018/11/01,12,,,,,,16285986,whitecoin,whitecoin
562,,,,,,,,,,,,2018/11/02,10,,,,,,16307762,whitecoin,whitecoin
563,,,,,,,,,,,,2018/11/03,14,,,,,,15767277,whitecoin,whitecoin
564,,,,,,,,,,,,2018/11/04,13,,,,,,16389924,whitecoin,whitecoin
565,,,,,,,,,,,,2018/11/05,7,,,,,,16072356,whitecoin,whitecoin
566,,,,,,,,,,,,2018/11/06,10,,,,,,16439575,whitecoin,whitecoin
567,,,,,,,,,,,,2018/11/07,null,,,,,,17336110,whitecoin,whitecoin
568,,,,,,,,,,,,2018/11/08,11,,,,,,17137854,whitecoin,whitecoin
569,,,,,,,,,,,,2018/11/09,5,,,,,,17005498,whitecoin,whitecoin
570,,,,,,,,,,,,2018/11/10,null,,,,,,17397324,whitecoin,whitecoin
571,,,,,,,,,,,,2018/11/11,null,,,,,,16511790,whitecoin,whitecoin
572,,,,,,,,,,,,2018/11/12,6,,,,,,16164645,whitecoin,whitecoin
573,,,,,,,,,,,,2018/11/13,7,,,,,,16459547,whitecoin,whitecoin
574,,,,,,,,,,,,2018/11/14,1,,,,,,15069420,whitecoin,whitecoin
575,,,,,,,,,,,,2018/11/15,null,,,,,,14117393,whitecoin,whitecoin
576,,,,,,,,,,,,2018/11/16,null,,,,,,14369533,whitecoin,whitecoin
577,,,,,,,,,,,,2018/11/17,null,,,,,,14335243,whitecoin,whitecoin
578,,,,,,,,,,,,2018/11/18,null,,,,,,14815747,whitecoin,whitecoin
579,,,,,,,,,,,,2018/11/19,2,,,,,,13579029,whitecoin,whitecoin
580,,,,,,,,,,,,2018/11/20,null,,,,,,11701176,whitecoin,whitecoin
581,,,,,,,,,,,,2018/11/21,null,,,,,,11417884,whitecoin,whitecoin
582,,,,,,,,,,,,2018/11/22,null,,,,,,12541033,whitecoin,whitecoin
583,,,,,,,,,,,,2018/11/23,1,,,,,,11767525,whitecoin,whitecoin
584,,,,,,,,,,,,2018/11/24,null,,,,,,11899883,whitecoin,whitecoin
585,,,,,,,,,,,,2018/11/25,null,,,,,,10393056,whitecoin,whitecoin
586,,,,,,,,,,,,2018/11/26,null,,,,,,10332065,whitecoin,whitecoin
587,,,,,,,,,,,,2018/11/27,null,,,,,,9902742,whitecoin,whitecoin
588,,,,,,,,,,,,2018/11/28,null,,,,,,10899987,whitecoin,whitecoin
589,,,,,,,,,,,,2018/11/29,null,,,,,,11122552,whitecoin,whitecoin
590,,,,,,,,,,,,2018/11/30,1,,,,,,10928167,whitecoin,whitecoin
591,,,,,,,,,,,,2018/12/01,null,,,,,,10814307,whitecoin,whitecoin
592,,,,,,,,,,,,2018/12/02,null,,,,,,10526106,whitecoin,whitecoin
593,,,,,,,,,,,,2018/12/03,null,,,,,,2200778,whitecoin,whitecoin
594,,,,,,,,,,,,2018/12/04,null,,,,,,2133698,whitecoin,whitecoin
595,,,,,,,,,,,,2018/12/05,1,,,,,,2101132,whitecoin,whitecoin
596,,,,,,,,,,,,2018/12/06,null,,,,,,2034086,whitecoin,whitecoin
597,,,,,,,,,,,,2018/12/07,null,,,,,,4543937,whitecoin,whitecoin
598,,,,,,,,,,,,2018/12/08,null,,,,,,9955744,whitecoin,whitecoin
599,,,,,,,,,,,,2018/12/09,null,,,,,,10070268,whitecoin,whitecoin
600,,,,,,,,,,,,2018/12/10,null,,,,,,10089913,whitecoin,whitecoin
601,,,,,,,,,,,,2018/12/11,null,,,,,,9669409,whitecoin,whitecoin
602,,,,,,,,,,,,2018/12/12,null,,,,,,9637421,whitecoin,whitecoin
603,,,,,,,,,,,,2018/12/13,null,,,,,,9528007,whitecoin,whitecoin
604,,,,,,,,,,,,2018/12/14,null,,,,,,9165972,whitecoin,whitecoin
605,,,,,,,,,,,,2018/12/15,null,,,,,,9096497,whitecoin,whitecoin
606,,,,,,,,,,,,2018/12/16,null,,,,,,9174802,whitecoin,whitecoin
607,,,,,,,,,,,,2018/12/17,null,,,,,,9242725,whitecoin,whitecoin
608,,,,,,,,,,,,2018/12/18,null,,,,,,9729174,whitecoin,whitecoin
609,,,,,,,,,,,,2018/12/19,null,,,,,,10215129,whitecoin,whitecoin
610,,,,,,,,,,,,2018/12/20,null,,,,,,10420603,whitecoin,whitecoin
611,,,,,,,,,,,,2018/12/21,null,,,,,,10179251,whitecoin,whitecoin
612,,,,,,,,,,,,2018/12/22,null,,,,,,10053242,whitecoin,whitecoin
613,,,,,,,,,,,,2018/12/23,null,,,,,,10391314,whitecoin,whitecoin
614,,,,,,,,,,,,2018/12/24,null,,,,,,11149972,whitecoin,whitecoin
615,,,,,,,,,,,,2018/12/25,null,,,,,,10275378,whitecoin,whitecoin
616,,,,,,,,,,,,2018/12/26,null,,,,,,10359348,whitecoin,whitecoin
617,,,,,,,,,,,,2018/12/27,null,,,,,,10535956,whitecoin,whitecoin
618,,,,,,,,,,,,2018/12/28,null,,,,,,10863727,whitecoin,whitecoin
619,,,,,,,,,,,,2018/12/29,null,,,,,,10246837,whitecoin,whitecoin
620,,,,,,,,,,,,2018/12/30,null,,,,,,9901473,whitecoin,whitecoin
621,,,,,,,,,,,,2018/12/31,null,,,,,,9538340,whitecoin,whitecoin
622,,,,,,,,,,,,2019/01/01,null,,,,,,9811548,whitecoin,whitecoin
623,,,,,,,,,,,,2019/01/02,null,,,,,,10010811,whitecoin,whitecoin
624,,,,,,,,,,,,2019/01/03,null,,,,,,9980182,whitecoin,whitecoin
625,,,,,,,,,,,,2019/01/04,null,,,,,,9225711,whitecoin,whitecoin
626,,,,,,,,,,,,2019/01/05,null,,,,,,8999529,whitecoin,whitecoin
627,,,,,,,,,,,,2019/01/06,null,,,,,,9148336,whitecoin,whitecoin
628,,,,,,,,,,,,2019/01/07,null,,,,,,9322137,whitecoin,whitecoin
629,,,,,,,,,,,,2019/01/08,null,,,,,,9253805,whitecoin,whitecoin
630,,,,,,,,,,,,2019/01/09,null,,,,,,9250152,whitecoin,whitecoin
631,,,,,,,,,,,,2019/01/10,null,,,,,,8892948,whitecoin,whitecoin
632,,,,,,,,,,,,2019/01/11,null,,,,,,8625371,whitecoin,whitecoin
633,,,,,,,,,,,,2019/01/12,null,,,,,,8639882,whitecoin,whitecoin
634,,,,,,,,,,,,2019/01/13,null,,,,,,8627554,whitecoin,whitecoin
635,,,,,,,,,,,,2019/01/14,null,,,,,,8336832,whitecoin,whitecoin
636,,,,,,,,,,,,2019/01/15,null,,,,,,8649718,whitecoin,whitecoin
637,,,,,,,,,,,,2019/01/16,null,,,,,,8253071,whitecoin,whitecoin
638,,,,,,,,,,,,2019/01/17,null,,,,,,8285339,whitecoin,whitecoin
639,,,,,,,,,,,,2019/01/18,null,,,,,,8091236,whitecoin,whitecoin
640,,,,,,,,,,,,2019/01/19,null,,,,,,8131340,whitecoin,whitecoin
641,,,,,,,,,,,,2019/01/20,null,,,,,,8110541,whitecoin,whitecoin
642,,,,,,,,,,,,2019/01/21,null,,,,,,8007936,whitecoin,whitecoin
643,,,,,,,,,,,,2019/01/22,null,,,,,,8145231,whitecoin,whitecoin
644,,,,,,,,,,,,2019/01/23,null,,,,,,8347209,whitecoin,whitecoin
645,,,,,,,,,,,,2019/01/24,null,,,,,,8299475,whitecoin,whitecoin
646,,,,,,,,,,,,2019/01/25,null,,,,,,8540803,whitecoin,whitecoin
647,,,,,,,,,,,,2019/01/26,null,,,,,,8687220,whitecoin,whitecoin
648,,,,,,,,,,,,2019/01/27,null,,,,,,8733618,whitecoin,whitecoin
649,,,,,,,,,,,,2019/01/28,null,,,,,,8247403,whitecoin,whitecoin
650,,,,,,,,,,,,2019/01/29,null,,,,,,8040969,whitecoin,whitecoin
651,,,,,,,,,,,,2019/01/30,null,,,,,,8097209,whitecoin,whitecoin
652,,,,,,,,,,,,2019/01/31,null,,,,,,8080980,whitecoin,whitecoin
653,,,,,,,,,,,,2019/02/01,null,,,,,,8227927,whitecoin,whitecoin
654,,,,,,,,,,,,2019/02/02,null,,,,,,8269901,whitecoin,whitecoin
655,,,,,,,,,,,,2019/02/03,null,,,,,,8185622,whitecoin,whitecoin
656,,,,,,,,,,,,2019/02/04,null,,,,,,8077400,whitecoin,whitecoin
657,,,,,,,,,,,,2019/02/05,null,,,,,,7957542,whitecoin,whitecoin
658,,,,,,,,,,,,2019/02/06,null,,,,,,7598531,whitecoin,whitecoin
659,,,,,,,,,,,,2019/02/07,null,,,,,,7451293,whitecoin,whitecoin
660,,,,,,,,,,,,2019/02/08,null,,,,,,7501045,whitecoin,whitecoin
661,,,,,,,,,,,,2019/02/09,null,,,,,,7742896,whitecoin,whitecoin
662,,,,,,,,,,,,2019/02/10,null,,,,,,7801646,whitecoin,whitecoin
663,,,,,,,,,,,,2019/02/11,null,,,,,,7881371,whitecoin,whitecoin
664,,,,,,,,,,,,2019/02/12,null,,,,,,7667116,whitecoin,whitecoin
665,,,,,,,,,,,,2019/02/13,null,,,,,,7767836,whitecoin,whitecoin
666,,,,,,,,,,,,2019/02/14,null,,,,,,7690097,whitecoin,whitecoin
667,,,,,,,,,,,,2019/02/15,null,,,,,,7647101,whitecoin,whitecoin
668,,,,,,,,,,,,2019/02/16,null,,,,,,7841695,whitecoin,whitecoin
669,,,,,,,,,,,,2019/02/17,null,,,,,,7682362,whitecoin,whitecoin
670,,,,,,,,,,,,2019/02/18,null,,,,,,7899011,whitecoin,whitecoin
671,,,,,,,,,,,,2019/02/19,null,,,,,,8315550,whitecoin,whitecoin
672,,,,,,,,,,,,2019/02/20,null,,,,,,8258678,whitecoin,whitecoin
673,,,,,,,,,,,,2019/02/21,null,,,,,,8143414,whitecoin,whitecoin
674,,,,,,,,,,,,2019/02/22,null,,,,,,8100244,whitecoin,whitecoin
675,,,,,,,,,,,,2019/02/23,null,,,,,,7924872,whitecoin,whitecoin
676,,,,,,,,,,,,2019/02/24,null,,,,,,8298010,whitecoin,whitecoin
677,,,,,,,,,,,,2019/02/25,null,,,,,,8061485,whitecoin,whitecoin
678,,,,,,,,,,,,2019/02/26,null,,,,,,7656680,whitecoin,whitecoin
679,,,,,,,,,,,,2019/02/27,null,,,,,,7918734,whitecoin,whitecoin
680,,,,,,,,,,,,2019/02/28,null,,,,,,7904809,whitecoin,whitecoin
681,,,,,,,,,,,,2019/03/01,null,,,,,,5252015,whitecoin,whitecoin
682,,,,,,,,,,,,2019/03/02,null,,,,,,7717048,whitecoin,whitecoin
683,,,,,,,,,,,,2019/03/03,null,,,,,,7545108,whitecoin,whitecoin
684,,,,,,,,,,,,2019/03/04,null,,,,,,7117170,whitecoin,whitecoin
685,,,,,,,,,,,,2019/03/05,null,,,,,,7392939,whitecoin,whitecoin
686,,,,,,,,,,,,2019/03/06,null,,,,,,7773515,whitecoin,whitecoin
687,,,,,,,,,,,,2019/03/07,null,,,,,,7376351,whitecoin,whitecoin
688,,,,,,,,,,,,2019/03/08,null,,,,,,7177569,whitecoin,whitecoin
689,,,,,,,,,,,,2019/03/09,null,,,,,,7273819,whitecoin,whitecoin
690,,,,,,,,,,,,2019/03/10,null,,,,,,7377894,whitecoin,whitecoin
691,,,,,,,,,,,,2019/03/11,null,,,,,,7352719,whitecoin,whitecoin
692,,,,,,,,,,,,2019/03/12,null,,,,,,7280236,whitecoin,whitecoin
693,,,,,,,,,,,,2019/03/13,null,,,,,,7035778,whitecoin,whitecoin
694,,,,,,,,,,,,2019/03/14,null,,,,,,6903263,whitecoin,whitecoin
695,,,,,,,,,,,,2019/03/15,null,,,,,,7238803,whitecoin,whitecoin
696,,,,,,,,,,,,2019/03/16,null,,,,,,7460985,whitecoin,whitecoin
697,,,,,,,,,,,,2019/03/17,null,,,,,,7282468,whitecoin,whitecoin
698,,,,,,,,,,,,2019/03/18,null,,,,,,7448065,whitecoin,whitecoin
699,,,,,,,,,,,,2019/03/19,null,,,,,,3295921,whitecoin,whitecoin
700,,,,,,,,,,,,2019/03/20,null,,,,,,3592944,whitecoin,whitecoin
701,,,,,,,,,,,,2019/03/21,null,,,,,,7699328,whitecoin,whitecoin
702,,,,,,,,,,,,2019/03/22,null,,,,,,7538082,whitecoin,whitecoin
703,,,,,,,,,,,,2019/03/23,null,,,,,,7683546,whitecoin,whitecoin
704,,,,,,,,,,,,2019/03/24,null,,,,,,7760103,whitecoin,whitecoin
705,,,,,,,,,,,,2019/03/25,null,,,,,,7580728,whitecoin,whitecoin
706,,,,,,,,,,,,2019/03/26,null,,,,,,7453428,whitecoin,whitecoin
707,,,,,,,,,,,,2019/03/27,null,,,,,,7520137,whitecoin,whitecoin
708,,,,,,,,,,,,2019/03/28,null,,,,,,7613170,whitecoin,whitecoin
709,,,,,,,,,,,,2019/03/29,null,,,,,,7683259,whitecoin,whitecoin
710,,,,,,,,,,,,2019/03/30,null,,,,,,6414487,whitecoin,whitecoin
711,,,,,,,,,,,,2019/03/31,null,,,,,,1533424,whitecoin,whitecoin
712,,,,,,,,,,,,2019/04/01,null,,,,,,3486093,whitecoin,whitecoin
713,,,,,,,,,,,,2019/04/02,null,,,,,,8919601,whitecoin,whitecoin
714,,,,,,,,,,,,2019/04/03,null,,,,,,9524056,whitecoin,whitecoin
715,,,,,,,,,,,,2019/04/04,null,,,,,,8852090,whitecoin,whitecoin
716,,,,,,,,,,,,2019/04/05,null,,,,,,8911881,whitecoin,whitecoin
717,,,,,,,,,,,,2019/04/06,null,,,,,,9978425,whitecoin,whitecoin
718,,,,,,,,,,,,2019/04/07,null,,,,,,10122924,whitecoin,whitecoin
719,,,,,,,,,,,,2019/04/08,null,,,,,,9905868,whitecoin,whitecoin
720,,,,,,,,,,,,2019/04/09,null,,,,,,9493276,whitecoin,whitecoin
721,,,,,,,,,,,,2019/04/10,null,,,,,,9548477,whitecoin,whitecoin
722,,,,,,,,,,,,2019/04/11,null,,,,,,9678283,whitecoin,whitecoin
723,,,,,,,,,,,,2019/04/12,null,,,,,,9325303,whitecoin,whitecoin
724,,,,,,,,,,,,2019/04/13,null,,,,,,21190679,whitecoin,whitecoin
725,,,,,,,,,,,,2019/04/14,8,,,,,,27962607,whitecoin,whitecoin
726,,,,,,,,,,,,2019/04/15,3,,,,,,22658037,whitecoin,whitecoin
727,,,,,,,,,,,,2019/04/16,2,,,,,,19607613,whitecoin,whitecoin
728,,,,,,,,,,,,2019/04/17,2,,,,,,20728452,whitecoin,whitecoin
729,,,,,,,,,,,,2019/04/18,2,,,,,,20816360,whitecoin,whitecoin
730,,,,,,,,,,,,2017/02/23,,,,,,,96933,whitecoin,whitecoin
731,,,,,,,,,,,,2017/02/24,,,,,,,99347,whitecoin,whitecoin
732,,,,,,,,,,,,2017/02/25,,,,,,,98557,whitecoin,whitecoin
733,,,,,,,,,,,,2017/02/26,,,,,,,91449,whitecoin,whitecoin
734,,,,,,,,,,,,2017/02/27,,,,,,,94692,whitecoin,whitecoin
735,,,,,,,,,,,,2017/02/28,,,,,,,97351,whitecoin,whitecoin
736,,,,,,,,,,,,2017/03/01,,,,,,,91904,whitecoin,whitecoin
737,,,,,,,,,,,,2017/03/02,,,,,,,93346,whitecoin,whitecoin
738,,,,,,,,,,,,2017/03/03,,,,,,,91429,whitecoin,whitecoin
739,,,,,,,,,,,,2017/03/04,,,,,,,92739,whitecoin,whitecoin
740,,,,,,,,,,,,2017/03/05,,,,,,,94501,whitecoin,whitecoin
741,,,,,,,,,,,,2017/03/06,,,,,,,92526,whitecoin,whitecoin
742,,,,,,,,,,,,2017/03/07,,,,,,,93258,whitecoin,whitecoin
743,,,,,,,,,,,,2017/03/08,,,,,,,85399,whitecoin,whitecoin
744,,,,,,,,,,,,2017/03/09,,,,,,,88917,whitecoin,whitecoin
745,,,,,,,,,,,,2017/03/10,,,,,,,90153,whitecoin,whitecoin
746,,,,,,,,,,,,2017/03/11,,,,,,,92533,whitecoin,whitecoin
747,,,,,,,,,,,,2017/03/12,,,,,,,115206,whitecoin,whitecoin
748,,,,,,,,,,,,2017/03/13,,,,,,,115403,whitecoin,whitecoin
749,,,,,,,,,,,,2017/03/14,,,,,,,105844,whitecoin,whitecoin
750,,,,,,,,,,,,2017/03/15,,,,,,,106917,whitecoin,whitecoin
751,,,,,,,,,,,,2017/03/16,,,,,,,119301,whitecoin,whitecoin
752,,,,,,,,,,,,2017/03/17,,,,,,,111225,whitecoin,whitecoin
753,,,,,,,,,,,,2017/03/18,,,,,,,106611,whitecoin,whitecoin
754,,,,,,,,,,,,2017/03/19,,,,,,,101798,whitecoin,whitecoin
755,,,,,,,,,,,,2017/03/20,,,,,,,105129,whitecoin,whitecoin
756,,,,,,,,,,,,2017/03/21,,,,,,,108272,whitecoin,whitecoin
757,,,,,,,,,,,,2017/03/22,,,,,,,103490,whitecoin,whitecoin
758,,,,,,,,,,,,2017/03/23,,,,,,,112836,whitecoin,whitecoin
759,,,,,,,,,,,,2017/03/24,,,,,,,137474,whitecoin,whitecoin
760,,,,,,,,,,,,2017/03/25,,,,,,,119656,whitecoin,whitecoin
761,,,,,,,,,,,,2017/03/26,,,,,,,125833,whitecoin,whitecoin
762,,,,,,,,,,,,2017/03/27,,,,,,,130929,whitecoin,whitecoin
763,,,,,,,,,,,,2017/03/28,,,,,,,158203,whitecoin,whitecoin
764,,,,,,,,,,,,2017/03/29,,,,,,,152598,whitecoin,whitecoin
765,,,,,,,,,,,,2017/03/30,,,,,,,146131,whitecoin,whitecoin
766,,,,,,,,,,,,2017/03/31,,,,,,,170543,whitecoin,whitecoin
767,,,,,,,,,,,,2017/04/01,,,,,,,181380,whitecoin,whitecoin
768,,,,,,,,,,,,2017/04/02,,,,,,,181733,whitecoin,whitecoin
769,,,,,,,,,,,,2017/04/03,,,,,,,225791,whitecoin,whitecoin
770,,,,,,,,,,,,2017/04/04,,,,,,,219507,whitecoin,whitecoin
771,,,,,,,,,,,,2017/04/05,,,,,,,226862,whitecoin,whitecoin
772,,,,,,,,,,,,2017/04/06,,,,,,,241765,whitecoin,whitecoin
773,,,,,,,,,,,,2017/04/07,,,,,,,218328,whitecoin,whitecoin
774,,,,,,,,,,,,2017/04/08,,,,,,,217417,whitecoin,whitecoin
775,,,,,,,,,,,,2017/04/09,,,,,,,194456,whitecoin,whitecoin
776,,,,,,,,,,,,2017/04/10,,,,,,,179383,whitecoin,whitecoin
777,,,,,,,,,,,,2017/04/11,,,,,,,163529,whitecoin,whitecoin
778,,,,,,,,,,,,2017/04/12,,,,,,,168555,whitecoin,whitecoin
779,,,,,,,,,,,,2017/04/13,,,,,,,175928,whitecoin,whitecoin
780,,,,,,,,,,,,2017/04/14,,,,,,,179034,whitecoin,whitecoin
781,,,,,,,,,,,,2017/04/15,,,,,,,196783,whitecoin,whitecoin
782,,,,,,,,,,,,2017/04/16,,,,,,,214232,whitecoin,whitecoin
783,,,,,,,,,,,,2017/04/17,,,,,,,227965,whitecoin,whitecoin
784,,,,,,,,,,,,2017/04/18,,,,,,,264613,whitecoin,whitecoin
785,,,,,,,,,,,,2019/04/19,,,,,,,20002602,whitecoin,whitecoin
786,,,,,,,,,,,,2019/04/20,,,,,,,18974531,whitecoin,whitecoin
787,,,,,,,,,,,,2019/04/21,,,,,,,17017922,whitecoin,whitecoin
788,,,,,,,,,,,,2019/04/22,,,,,,,15678409,whitecoin,whitecoin
789,,,,,,,,,,,,2019/04/23,,,,,,,15977226,whitecoin,whitecoin
790,,,,,,,,,,,,2019/04/24,,,,,,,15353209,whitecoin,whitecoin
791,,,,,,,,,,,,2019/04/25,,,,,,,15870620,whitecoin,whitecoin
792,,,,,,,,,,,,2019/04/26,,,,,,,14566707,whitecoin,whitecoin
793,,,,,,,,,,,,2019/04/27,,,,,,,15157598,whitecoin,whitecoin
794,,,,,,,,,,,,2019/04/28,,,,,,,16562206,whitecoin,whitecoin
795,,,,,,,,,,,,2019/04/29,,,,,,,14222939,whitecoin,whitecoin
796,,,,,,,,,,,,2019/04/30,,,,,,,12247079,whitecoin,whitecoin
797,,,,,,,,,,,,2019/05/01,,,,,,,3071287,whitecoin,whitecoin
798,,,,,,,,,,,,2019/05/02,,,,,,,11015622,whitecoin,whitecoin
799,,,,,,,,,,,,2019/05/03,,,,,,,15961051,whitecoin,whitecoin
800,,,,,,,,,,,,2019/05/04,,,,,,,15777884,whitecoin,whitecoin
801,,,,,,,,,,,,2019/05/05,,,,,,,15769882,whitecoin,whitecoin
802,,,,,,,,,,,,2019/05/06,,,,,,,15361886,whitecoin,whitecoin
803,,,,,,,,,,,,2019/05/07,,,,,,,15830352,whitecoin,whitecoin
804,,,,,,,,,,,,2019/05/08,,,,,,,15183272,whitecoin,whitecoin
805,,,,,,,,,,,,2019/05/09,,,,,,,15375872,whitecoin,whitecoin
806,,,,,,,,,,,,2019/05/10,,,,,,,15666627,whitecoin,whitecoin
807,,,,,,,,,,,,2019/05/11,,,,,,,17130307,whitecoin,whitecoin
808,,,,,,,,,,,,2019/05/12,,,,,,,16955665,whitecoin,whitecoin
809,,,,,,,,,,,,2019/05/13,,,,,,,16346001,whitecoin,whitecoin
810,,,,,,,,,,,,2019/05/14,,,,,,,16768935,whitecoin,whitecoin
811,,,,,,,,,,,,2019/05/15,,,,,,,17255523,whitecoin,whitecoin
812,,,,,,,,,,,,2019/05/16,,,,,,,17476619,whitecoin,whitecoin
813,,,,,,,,,,,,2019/05/17,,,,,,,16838487,whitecoin,whitecoin
814,,,,,,,,,,,,2019/05/18,,,,,,,17234326,whitecoin,whitecoin
815,,,,,,,,,,,,2019/05/19,,,,,,,17384118,whitecoin,whitecoin
816,,,,,,,,,,,,2019/05/20,,,,,,,17039971,whitecoin,whitecoin
817,,,,,,,,,,,,2019/05/21,,,,,,,16707120,whitecoin,whitecoin
818,,,,,,,,,,,,2019/05/22,,,,,,,15951095,whitecoin,whitecoin
819,,,,,,,,,,,,2019/05/23,,,,,,,15127884,whitecoin,whitecoin
820,,,,,,,,,,,,2019/05/24,,,,,,,15138724,whitecoin,whitecoin
821,,,,,,,,,,,,2019/05/25,,,,,,,14899762,whitecoin,whitecoin
822,,,,,,,,,,,,2019/05/26,,,,,,,14862423,whitecoin,whitecoin
823,,,,,,,,,,,,2019/05/27,,,,,,,15121351,whitecoin,whitecoin
824,,,,,,,,,,,,2019/05/28,,,,,,,15006128,whitecoin,whitecoin
825,,,,,,,,,,,,2019/05/29,,,,,,,14953508,whitecoin,whitecoin
826,,,,,,,,,,,,2019/05/30,,,,,,,14804832,whitecoin,whitecoin
827,,,,,,,,,,,,2019/05/31,,,,,,,14485385,whitecoin,whitecoin
828,,,,,,,,,,,,2019/06/01,,,,,,,14726744,whitecoin,whitecoin
829,,,,,,,,,,,,2019/06/02,,,,,,,14611359,whitecoin,whitecoin
830,,,,,,,,,,,,2019/06/03,,,,,,,14004243,whitecoin,whitecoin
831,,,,,,,,,,,,2019/06/04,,,,,,,7638555,whitecoin,whitecoin
832,,,,,,,,,,,,2019/06/05,,,,,,,2713634,whitecoin,whitecoin
833,,,,,,,,,,,,2019/06/06,,,,,,,2808023,whitecoin,whitecoin
834,,,,,,,,,,,,2019/06/07,,,,,,,2911997,whitecoin,whitecoin
835,,,,,,,,,,,,2019/06/08,,,,,,,2882972,whitecoin,whitecoin
836,,,,,,,,,,,,2019/06/09,,,,,,,8849098,whitecoin,whitecoin
837,,,,,,,,,,,,2019/06/10,,,,,,,14588267,whitecoin,whitecoin
838,,,,,,,,,,,,2019/06/11,,,,,,,14825214,whitecoin,whitecoin
839,,,,,,,,,,,,2019/06/12,,,,,,,14647196,whitecoin,whitecoin
840,,,,,,,,,,,,2019/06/13,,,,,,,14887947,whitecoin,whitecoin
841,,,,,,,,,,,,2019/06/14,,,,,,,14434384,whitecoin,whitecoin
842,,,,,,,,,,,,2019/06/15,,,,,,,14612932,whitecoin,whitecoin
843,,,,,,,,,,,,2019/06/16,,,,,,,14350464,whitecoin,whitecoin
844,,,,,,,,,,,,2019/06/17,,,,,,,14451834,whitecoin,whitecoin
845,,,,,,,,,,,,2019/06/18,,,,,,,14109771,whitecoin,whitecoin
846,,,,,,,,,,,,2019/06/19,,,,,,,14093267,whitecoin,whitecoin
847,,,,,,,,,,,,2019/06/20,,,,,,,14179780,whitecoin,whitecoin
848,,,,,,,,,,,,2019/06/21,,,,,,,14758455,whitecoin,whitecoin
849,,,,,,,,,,,,2019/06/22,,,,,,,14920639,whitecoin,whitecoin
850,,,,,,,,,,,,2019/06/23,,,,,,,14786344,whitecoin,whitecoin
851,,,,,,,,,,,,2019/06/24,,,,,,,15518382,whitecoin,whitecoin
852,,,,,,,,,,,,2019/06/25,,,,,,,15237726,whitecoin,whitecoin
853,,,,,,,,,,,,2019/06/26,,,,,,,14541398,whitecoin,whitecoin
854,,,,,,,,,,,,2019/06/27,,,,,,,13758871,whitecoin,whitecoin
855,,,,,,,,,,,,2019/06/28,,,,,,,13390670,whitecoin,whitecoin
856,,,,,,,,,,,,2019/06/29,,,,,,,8505577,whitecoin,whitecoin
857,,,,,,,,,,,,2019/06/30,,,,,,,6049055,whitecoin,whitecoin
858,,,,,,,,,,,,2019/07/01,,,,,,,5013490,whitecoin,whitecoin
859,,,,,,,,,,,,2019/07/02,,,,,,,4578301,whitecoin,whitecoin
860,,,,,,,,,,,,2019/07/03,,,,,,,10756104,whitecoin,whitecoin
861,,,,,,,,,,,,2019/07/04,,,,,,,11577887,whitecoin,whitecoin
862,,,,,,,,,,,,2019/07/05,,,,,,,11229439,whitecoin,whitecoin
863,,,,,,,,,,,,2019/07/06,,,,,,,11405410,whitecoin,whitecoin
864,,,,,,,,,,,,2019/07/07,,,,,,,11549556,whitecoin,whitecoin
865,,,,,,,,,,,,2019/07/08,,,,,,,11521391,whitecoin,whitecoin
866,,,,,,,,,,,,2019/07/09,,,,,,,11075861,whitecoin,whitecoin
867,,,,,,,,,,,,2019/07/10,,,,,,,10608723,whitecoin,whitecoin
868,,,,,,,,,,,,2019/07/11,,,,,,,9719782,whitecoin,whitecoin
869,,,,,,,,,,,,2019/07/12,,,,,,,9424331,whitecoin,whitecoin
870,,,,,,,,,,,,2019/07/13,,,,,,,9300708,whitecoin,whitecoin
